 ,Tipo de Resíduo,Origem / País,"Processamento (triturado, moído, fibra etc,)",Equação de Resilient Modulus,ID da Amostra,LL (%),PL (%),IP (%),Finos (%), MDD (kN/m³),OMC (%),CBR (%),Expansão (%),AASHTO,Tensão de Confinamento (mPa),Tensão Desviadora (mPa),Número de Ciclos de Carga,K1,K2,K3,R²,MR (MPa),Deformação Permanente (μℰ),Deformação Permanente Final (μℰ),DP (%),"Aplicação sugerida (subleito, sub-base, base)",Observações
"10,1061/JPEODX,0000231",RCA,Austrália,Triturado,-,A,19,"17,5","1,5",,"1,9","13,5",175,,A-1-a,"0,05","0,15",10000,,,,,232,1200,4398,,Subbase,
"10,1061/JPEODX,0000232",RCA,Austrália,Triturado,-,A,19,"17,5","1,5",,"1,9","13,5",175,,A-1-a,"0,05","0,25",10000,,,,,210,2100,6500,,Subbase,
"10,1061/JPEODX,0000233",RCA,Austrália,Triturado,-,A,19,"17,5","1,5",,"1,9","13,5",175,,A-1-a,"0,05","0,35",10000,,,,,185,3500,8000,,Subbase,
"10,1061/JPEODX,0000234",RCA,Austrália,Triturado,-,A,19,"17,5","1,5",,"1,9","13,5",175,,A-1-a,"0,05","0,15",10000,,,,,155,1850,6840,,Subbase,
"10,1061/JPEODX,0000235",RCA,Austrália,Triturado,-,A,19,"17,5","1,5",,"1,9","13,5",175,,A-1-a,"0,05","0,15",10000,,,,,245,2500,8733,,Subbase,
"10,1061/JPEODX,0000236",RCA,Austrália,Triturado,-,A,19,"17,5","1,5",,"1,9","13,5",175,,A-1-a,"0,05","0,15",10000,,,,,256,950,2800,,Subbase,
"10,1061/JPEODX,0000237",RCA,Austrália,Triturado,-,A,19,"17,5","1,5",,"1,9","13,5",175,,A-1-a,"0,05","0,25",10000,,,,,,1600,4200,,Subbase,
"10,1061/JPEODX,0000238",RCA,Austrália,Triturado,-,A,19,"17,5","1,5",,"1,9","13,5",175,,A-1-a,"0,05","0,15",10000,,,,,,750,2200,,Subbase,
"10,1061/JPEODX,0000239",RCA,Austrália,Triturado,-,A,19,"17,5","1,5",,"1,9","13,5",175,,A-1-a,"0,05","0,25",10000,,,,,,1250,3500,,Subbase,
"10,1061/JPEODX,0000240",RCA,Austrália,Triturado,-,B,0,"28,55",0,,"1,95","13,2",190,,A-1-a,"0,05",,,,,,,,,,,Subbase/Base leve,
"10,1061/JPEODX,0000241",RCA,Austrália,Triturado,-,C,0,"26,46",0,,"1,96","13,2",200,,A-1-a,"0,05",,,,,,,,,,,Base leve,
"10,1061/JPEODX,0000242",RCA,Austrália,Triturado,-,D,0,"29,71",0,,"1,91","12,2",190,,A-1-a,"0,05",,,,,,,,,,,Subbase,
"10,1061/JPEODX,0000243",RCA,Austrália,Triturado,-,E,"28,63","23,94",5,,"1,97","12,3",190,,A-1-a,"0,05",,,,,,,,,,,Subbase,
"10,1061/JPEODX,0000244",RCA,Austrália,Triturado,-,F,0,"23,82",0,,"2,06","11,2",220,,A-1-a,"0,05",,,,,,,,,,,Base leve,
"10,1061/JPEODX,0000245",RCA,Austrália,Triturado,-,G,0,"23,12",0,,"2,05","10,8",260,,A-1-a,"0,05",,,,,,,,,,,Base leve,
"10,1061/JPEODX,0000246",RCA,Austrália,Triturado,-,H,"22,76","20,92",2,,"1,97","11,2",240,,A-1-a,"0,05",,,,,,,,,,,Base leve,
"10,1061/JPEODX,0000247",RCA,Austrália,Triturado,-,I,"22,28","17,03",5,,"2,21","8,8",280,,A-1-a,"0,05",,,,,,,,,,,Base,
"10,1061/JPEODX,0000248",RCA,Austrália,Triturado,-,J,0,26,0,,"1,97","12,5",185,,A-1-a,"0,05",,,,,,,,,,,Subbase,
"10,1061/JPEODX,0000249",RCA,Austrália,Triturado,-,K,"23,24","21,37",2,,"1,98","11,7",190,,A-1-a,"0,05",,,,,,,,,,,Subbase,
"10,1061/JPEODX,0000250",RCA,Austrália,Triturado,-,L,0,"30,92",0,,"2,06","10,5",185,,A-1-a,"0,05",,,,,,,,,,,Subbase,
"10,1061/JPEODX,0000251",RCA,Austrália,Triturado,-,M,"26,6","8,01",9,,"1,98",11,205,,A-2-4,"0,05",,,,,,,,,,,Subbase,
"10,1061/JPEODX,0000252",RCA,Austrália,Triturado,-,N,0,"29,12",0,,2,"10,4",210,,A-1-a,"0,05",,,,,,,,,,,Subbase/Base leve,
"10,1080/10298436,2021,1916819",RCA,Turquia,Triturado,-,100 NA,"28,61","21,17","7,44",,,,"75,14",,A-2-4,,,,,,,,107,,,,-,
"10,1080/10298436,2021,1916820",RCA,Turquia,Triturado,-,101 NA,"28,61","21,17","7,44",,,,"75,14",,A-2-4,,,,,,,,140,,,,-,
"10,1080/10298436,2021,1916821",RCA,Turquia,Triturado,-,102 NA,"28,61","21,17","7,44",,,,"75,14",,A-2-4,,,,,,,,208,,,,-,
"10,1080/10298436,2021,1916822",RCA,Turquia,Triturado,-,100 RCA1,"28,71",0,0,,,,"133,77",,A-1-a,,,,,,,,107,,,,-,
"10,1080/10298436,2021,1916823",RCA,Turquia,Triturado,-,101 RCA1,"28,71",0,0,,,,"133,77",,A-1-a,,,,,,,,140,,,,-,
"10,1080/10298436,2021,1916824",RCA,Turquia,Triturado,-,102 RCA1,"28,71",0,0,,,,"133,77",,A-1-a,,,,,,,,208,,,,-,
"10,1080/10298436,2021,1916825",RCA,Turquia,Triturado,-,100 RCA2,"29,68",0,0,,,,"129,42",,A-1-a,,,,,,,,107,,,,-,
"10,1080/10298436,2021,1916826",RCA,Turquia,Triturado,-,101 RCA2,"29,68",0,0,,,,"129,42",,A-1-a,,,,,,,,140,,,,-,
"10,1080/10298436,2021,1916827",RCA,Turquia,Triturado,-,102 RCA2,"29,68",0,0,,,,"129,42",,A-1-a,,,,,,,,208,,,,-,
"10,1080/10298436,2021,1916828",RCA,Turquia,Triturado,-,100 RCA3,"30,72",0,0,,,,114,,A-1-a,,,,,,,,107,,,,-,
"10,1080/10298436,2021,1916829",RCA,Turquia,Triturado,-,101 RCA3,"30,72",0,0,,,,114,,A-1-a,,,,,,,,140,,,,-,
"10,1080/10298436,2021,1916830",RCA,Turquia,Triturado,-,102 RCA3,"30,72",0,0,,,,114,,A-1-a,,,,,,,,208,,,,-,
"10,1080/10298436,2021,1916831",RCA,Turquia,Triturado,-,75NA 25RCA1,"29,7",0,0,,,,"85,67",,Misto,,,,,,,,,,,,-,
"10,1080/10298436,2021,1916832",RCA,Turquia,Triturado,-,75NA 25RCA2,"28,86",0,0,,,,"68,45",,Misto,,,,,,,,,,,,-,
"10,1080/10298436,2021,1916833",RCA,Turquia,Triturado,-,75NA 25RCA3,"28,38",0,0,,,,"62,33",,Misto,,,,,,,,,,,,-,
"10,1080/10298436,2021,1916834",RCA,Turquia,Triturado,-,50NA 50RCA1,"28,08",0,0,,,,"55,45",,Misto,,,,,,,,107,,,,-,
"10,1080/10298436,2021,1916835",RCA,Turquia,Triturado,-,50NA 50RCA2,"28,08",0,0,,,,"55,45",,Misto,,,,,,,,140,,,,-,
"10,1080/10298436,2021,1916836",RCA,Turquia,Triturado,-,50NA 50RCA3,"28,08",0,0,,,,"55,45",,Misto,,,,,,,,208,,,,-,
"10,1080/10298436,2021,1916837",RCA,Turquia,Triturado,-,50NA 50RCA2,"28,98",0,0,,,,"45,67",,Misto,,,,,,,,,,,,-,
"10,1080/10298436,2021,1916838",RCA,Turquia,Triturado,-,50NA 50RCA3,"27,99",0,0,,,,"40,23",,Misto,,,,,,,,,,,,-,
"10,1080/10298436,2021,1916839",RCA,Turquia,Triturado,-,25NA 75RCA1,"27,42",0,0,,,,"92,69",,Misto,,,,,,,,107,,,,-,
"10,1080/10298436,2021,1916840",RCA,Turquia,Triturado,-,25NA 75RCA2,"27,42",0,0,,,,"92,69",,Misto,,,,,,,,140,,,,-,
"10,1080/10298436,2021,1916841",RCA,Turquia,Triturado,-,25NA 75RCA3,"27,42",0,0,,,,"92,69",,Misto,,,,,,,,208,,,,-,
"10,1080/10298436,2021,1916842",RCA,Turquia,Triturado,-,25NA 75RCA2,"28,12",0,0,,,,"78,34",,Misto,,,,,,,,,,,,-,
"10,1080/10298436,2021,1916843",RCA,Turquia,Triturado,-,25NA 75RCA3,"28,49",0,0,,,,"65,12",,Misto,,,,,,,,,,,,-,
10.1016/j.trgeo.2025.101578,RCA,EUA,Triturado,Modelo de Witczak,RCA_1,,,,"1,1","18,2",0,,,A-1-a,"0,035","0,103",15 Estágios,1542,"0,65","0,26","0,94",223,,,,Base de pavimento,"Open-Graded (OGDC). Ótima drenagem, porém Módulo de Resiliência menor em relação aos RCAs densos."
10.1016/j.trgeo.2025.101578,RCA,EUA,Triturado,Modelo de Witczak,RCA_2,,,,"0,9",21,"9,8",,,A-1-a,"0,035","0,103",15 Estágios,2204,"0,6","0,1","0,94",326,,,,Base de pavimento,Open-Graded (OGDC). Maior empacotamento que o RCA_1 devido à variação fina do cascalho. Boa drenagem.
10.1016/j.trgeo.2025.101578,RCA,EUA,Triturado,Modelo de Witczak,RCA_3,,,,"2,1","15,8",0,,,A-1-a,"0,035","0,103",15 Estágios,1189,"0,76","0,18","0,92",192,,,,Base de pavimento,Open-Graded (OGDC). Menor MDD e menor MR reportado no ensaio 1 dentre os RCAs abertos.
10.1016/j.trgeo.2025.101578,RCA,EUA,Triturado,Modelo de Witczak,RCA_4,,,,"2,8","20,5","9,3",,,A-1-a,"0,035","0,103",15 Estágios,1700,"0,81","0,66","0,94",230,,,,Base de pavimento,"Material denso. Alta rigidez, porém os autores reportaram drenagem classificada como ""muito pobre""."
10.1016/j.trgeo.2025.101578,RCA,EUA,Triturado,Modelo de Witczak,RCA_5,,,,2,"21,1","9,4",,,A-1-a,"0,035","0,103",15 Estágios,2617,"0,56","0,12","0,95",395,,,,Base de pavimento,"Atingiu um dos maiores Módulos de Resiliência da classe e drenagem classificada como ""Razoável (Fair)""."
10.1016/j.trgeo.2025.101578,RCA,EUA,Triturado,Modelo de Witczak,RCA_6,,,,"3,3",21,"8,4",,,A-1-a,"0,035","0,103",15 Estágios,2038,"0,65","0,26","0,88",294,,,,Base de pavimento,"Material denso. Boa resistência mecânica (SMR = 294), mas capacidade de drenagem ""pobre""."
10.1016/j.trgeo.2025.101578,RCA,EUA,Triturado / Blend,Modelo de Witczak,RCA_7,,,,"5,8","20,5","10,2",,,A-1-a,"0,035","0,103",15 Estágios,1415,"0,87","0,63","0,97",206,,,,Base de pavimento,Blend composto por areia de RCA e cascalho Natural (GM). Drenagem razoável e baixo residual de umidade.
10.1016/j.trgeo.2025.101578,RCA,EUA,Triturado,Modelo de Witczak,RCA_8,,,,"2,7","20,2",11,,,A-1-a,"0,035","0,103",15 Estágios,2100,"0,76","0,45","0,98",307,,,,Base de pavimento,"Embora possua baixa condutividade hidráulica (drenagem muito pobre), atingiu altas taxas elásticas."
10.1016/j.trgeo.2025.101578,RCA,EUA,Triturado,Modelo de Witczak,RCA_9,,,,"3,1","21,2","8,6",,,A-1-a,"0,035","0,103",15 Estágios,1881,"0,69","0,14","0,94",303,,,,Base de pavimento,Material mais denso testado (MDD 21.2 kN/m³). Drenagem razoável. Reteve umidade de forma similar a solos mais finos.
10.1016/j.trgeo.2025.101578,RCA,EUA,Triturado,Modelo de Witczak,RCA_10,,,,"11,6","20,1","10,9",,,A-1-a,"0,035","0,103",15 Estágios,1844,"0,66","0,48","0,95",238,,,,Base de pavimento,O alto índice de finos (11.6%) e areia aumentou o tempo de drenagem. K3 elevado indica amolecimento sob cisalhamento.
10.1016/j.trgeo.2025.101578,RCA,EUA,Triturado,Modelo de Witczak,RCA_11,,,,"0,4","20,8","8,2",,,A-1-a,"0,035","0,103",15 Estágios,1339,"0,7","0,08","0,86",213,,,,Base de pavimento,Material com o menor teor de finos da amostra (0.4%).
10.1016/j.trgeo.2025.101578,RCA,EUA,Triturado,Modelo de Witczak,RCA_12,,,,"8,7",21,"9,4",,,A-1-a,"0,035","0,103",15 Estágios,1361,"1,06","0,96","0,92",200,,,,Base de pavimento,Excesso de areia e finos reduziu a conectividade dos poros. Absorção alta e risco sob ciclos de congelamento/degelo.
https://doi.org/10.1617/s11527-018-1219-7 ,Vidro,Canadá,Triturado,Mr = -5.3×10⁻⁶×σd¹·⁰⁵×σ₃¹·¹⁵×0.14×%RG + 0.43×θ + 79.06,MG20-100%FL,,,,2,2339,"5,5",,,,"0,103","0,103",1000,,,,,414,,,,Base,
https://doi.org/10.1617/s11527-018-1219-8,Vidro,Canadá,Triturado,Mr = -5.3×10⁻⁶×σd¹·⁰⁵×σ₃¹·¹⁵×0.14×%RG + 0.43×θ + 79.07,MG20-25%RG/75%FL,,,,2,2258,"5,9",,,,"0,021","0,021",100,,,,,83,,,,Base/Sub-base,
https://doi.org/10.1617/s11527-018-1219-9,Vidro,Canadá,Triturado,Mr = -5.3×10⁻⁶×σd¹·⁰⁵×σ₃¹·¹⁵×0.14×%RG + 0.43×θ + 79.08,MG20-25%RG/75%FL,,,,2,2258,"5,9",,,,"0,021","0,041",100,,,,,104,,,,Base/Sub-base,
https://doi.org/10.1617/s11527-018-1219-10,Vidro,Canadá,Triturado,Mr = -5.3×10⁻⁶×σd¹·⁰⁵×σ₃¹·¹⁵×0.14×%RG + 0.43×θ + 79.09,MG20-50%RG/50%FL,,,,"1,9",2213,"6,3",,,,"0,021","0,062",100,,,,,124,,,,Base/Sub-base,
https://doi.org/10.1617/s11527-018-1219-11,Vidro,Canadá,Triturado,Mr = -5.3×10⁻⁶×σd¹·⁰⁵×σ₃¹·¹⁵×0.14×%RG + 0.43×θ + 79.10,MG20-50%RG/50%FL,,,,"1,9",2213,"6,3",,,,"0,035","0,035",100,,,,,138,,,,Base/Sub-base,
https://doi.org/10.1617/s11527-018-1219-12,Vidro,Canadá,Triturado,Mr = -5.3×10⁻⁶×σd¹·⁰⁵×σ₃¹·¹⁵×0.14×%RG + 0.43×θ + 79.11,MG20-75%RG/25%FL,,,,"1,9",2189,"6,7",,,,"0,035","0,069",100,,,,,172,,,,Base/Sub-base,
https://doi.org/10.1617/s11527-018-1219-13,Vidro,Canadá,Triturado,Mr = -5.3×10⁻⁶×σd¹·⁰⁵×σ₃¹·¹⁵×0.14×%RG + 0.43×θ + 79.12,MG20-75%RG/25%FL,,,,"1,9",2189,"6,7",,,,"0,069","0,138",100,,,,,345,,,,Base/Sub-base,
https://doi.org/10.1617/s11527-018-1219-14,Vidro,Canadá,Triturado,Mr = -5.3×10⁻⁶×σd¹·⁰⁵×σ₃¹·¹⁵×0.14×%RG + 0.43×θ + 79.13,MG20-100%RG,,,,"1,9",2131,"6,4",,,,"0,069","0,207",100,,,,,414,,,,Sub-base,
https://doi.org/10.1617/s11527-018-1219-15,Vidro,Canadá,Triturado,Mr = -5.3×10⁻⁶×σd¹·⁰⁵×σ₃¹·¹⁵×0.14×%RG + 0.43×θ + 79.14,RG 100%,,,,4,1886,"10,8",,,,,,,,,,,,,,,Sub-base,
https://doi.org/10.1617/s11527-018-1219-16,Vidro,Canadá,Triturado,Mr = -5.3×10⁻⁶×σd¹·⁰⁵×σ₃¹·¹⁵×0.14×%RG + 0.43×θ + 79.15,MG20-100%FL,,,,2,2339,"5,5",,,,"0,103","0,103",100,,,,,414,,,,Base,
https://doi.org/10.1617/s11527-018-1219-17,Vidro,Canadá,Triturado,Mr = -5.3×10⁻⁶×σd¹·⁰⁵×σ₃¹·¹⁵×0.14×%RG + 0.43×θ + 79.16,MG20-25%RG/75%FL,,,,2,2258,"5,9",,,,"0,103","0,103",100,,,,,414,,,,Base/Sub-base,
https://doi.org/10.1617/s11527-018-1219-18,Vidro,Canadá,Triturado,Mr = -5.3×10⁻⁶×σd¹·⁰⁵×σ₃¹·¹⁵×0.14×%RG + 0.43×θ + 79.17,MG20-100%RG,,,,"1,9",2131,"6,4",,,,"0,138","0,276",100,,,,,690,,,,Sub-base,
http://dx.doi.org/10.1061/(ASCE)MT.1943-5533.0000850,RAP,Austrália,Triturado,-,100RAP,,,,"3,4",2,"8,1","32,5",,,"0,05",,,,,,,,,,,-,
http://dx.doi.org/10.1061/(ASCE)MT.1943-5533.0000851,RAP,Austrália,Triturado,-,50RAP/50RCA,,,,"1,7","2,3","11,5",39,,,"0,05",,,,,,,,,,,-,
http://dx.doi.org/10.1061/(ASCE)MT.1943-5533.0000852,RAP,Austrália,Triturado,-,30RAP/70RCA,,,,"3,2","1,94",12,46,,,"0,05",,,,,,,,,,,-,
http://dx.doi.org/10.1061/(ASCE)MT.1943-5533.0000853,RAP,Austrália,Triturado,-,15RAP/85RCA,,,,0,"1,95","12,2",66,,,"0,05","0,15",Multiplos,,,,,232,8866,,,-,
http://dx.doi.org/10.1061/(ASCE)MT.1943-5533.0000854,RAP,Austrália,Triturado,-,15RAP/85RCA,,,,0,"1,95","12,2",66,,,"0,05","0,25",Multiplos,,,,,412728,19723298,,,-,
http://dx.doi.org/10.1061/(ASCE)MT.1943-5533.0000855,RAP,Austrália,Triturado,-,15RAP/85RCA,,,,0,"1,95","12,2",66,,,"0,05","0,35",Multiplos,,,,,587928,8781823,,,-,
http://dx.doi.org/10.1061/(ASCE)MT.1943-5533.0000856,RAP,Austrália,Triturado,-,100RCA,,,,"3,6","1,96",12,118,,,"0,05","0,15",Multiplos,,,,,342357,24265669,,,-,
http://dx.doi.org/10.1061/(ASCE)MT.1943-5533.0000857,RAP,Austrália,Triturado,-,100RCA,,,,"3,6","1,96",12,118,,,"0,05","0,25",Multiplos,,,,,660713,15852956,,,-,
http://dx.doi.org/10.1061/(ASCE)MT.1943-5533.0000858,RAP,Austrália,Triturado,-,100RCA,,,,"3,6","1,96",12,118,,,"0,05","0,35",Multiplos,,,,,695716,15852532,,,-,
10.34910/MCE.115.5,Controle (Natural),Indonésia,Triturado,"SMix = 1140,587Sbit + 65,286VIM + 0,798RAP + 0,555Slag - 112,603",C0 (35 °C),,,,,,,,,,,,,,,,"0,825","682,5",,,,Base e Revestimento (AC-BC),"Mistura Controle a 35°C. Ligante Pen 60/70. G_graúdo: 2,642; G_miúdo: 2,614."
10.34910/MCE.115.5,Controle (Natural),Indonésia,Triturado,"SMix = 1140,587Sbit + 65,286VIM + 0,798RAP + 0,555Slag - 112,603",C0 (45 °C),,,,,,,,,,,,,,,,"0,825",284,,,,Base e Revestimento (AC-BC),Mistura Controle a 45°C. Aumento da temperatura reduz o MR.
10.34910/MCE.115.5,Escória de Aço (EAF),Indonésia,Triturado,"SMix = 1140,587Sbit + 65,286VIM + 0,798RAP + 0,555Slag - 112,603",CS1 (35 °C),,,,,,,,,,,,,,,,"0,825","697,5",,,,Base e Revestimento (AC-BC),"Blend: 90% Nat + 10% EAF. G_graúdo: 2,727; G_miúdo: 2,661."
10.34910/MCE.115.5,Escória de Aço (EAF),Indonésia,Triturado,"SMix = 1140,587Sbit + 65,286VIM + 0,798RAP + 0,555Slag - 112,603",CS1 (45 °C),,,,,,,,,,,,,,,,"0,825","293,5",,,,Base e Revestimento (AC-BC),Blend: 90% Nat + 10% EAF a 45°C.
10.34910/MCE.115.5,Escória de Aço (EAF),Indonésia,Triturado,"SMix = 1140,587Sbit + 65,286VIM + 0,798RAP + 0,555Slag - 112,603",CS2 (35 °C),,,,,,,,,,,,,,,,"0,825","1057,5",,,,Base e Revestimento (AC-BC),"Blend: 80% Nat + 20% EAF. Atingiu excelente rigidez. G_graúdo: 2,811; G_miúdo: 2,708."
10.34910/MCE.115.5,Escória de Aço (EAF),Indonésia,Triturado,"SMix = 1140,587Sbit + 65,286VIM + 0,798RAP + 0,555Slag - 112,603",CS2 (45 °C),,,,,,,,,,,,,,,,"0,825",294,,,,Base e Revestimento (AC-BC),Blend: 80% Nat + 20% EAF a 45°C.
10.34910/MCE.115.5,Escória de Aço (EAF),Indonésia,Triturado,"SMix = 1140,587Sbit + 65,286VIM + 0,798RAP + 0,555Slag - 112,603",CS3 (35 °C),,,,,,,,,,,,,,,,"0,825",843,,,,Base e Revestimento (AC-BC),"Blend: 70% Nat + 30% EAF. Queda de MR em relação a 20%. G_graúdo: 2,896; G_miúdo: 2,756."
10.34910/MCE.115.5,Escória de Aço (EAF),Indonésia,Triturado,"SMix = 1140,587Sbit + 65,286VIM + 0,798RAP + 0,555Slag - 112,603",CS3 (45 °C),,,,,,,,,,,,,,,,"0,825","293,5",,,,Base e Revestimento (AC-BC),Blend: 70% Nat + 30% EAF a 45°C.
10.34910/MCE.115.5,RAP,Indonésia,Fresa,"SMix = 1140,587Sbit + 65,286VIM + 0,798RAP + 0,555Slag - 112,603",CR1 (35 °C),,,,,,,,,,,,,,,,"0,825","738,5",,,,Base e Revestimento (AC-BC),"Blend: 90% Nat + 10% RAP. Uso de Reclamite (23%). G_graúdo: 2,627; G_miúdo: 2,597."
10.34910/MCE.115.5,RAP,Indonésia,Fresa,"SMix = 1140,587Sbit + 65,286VIM + 0,798RAP + 0,555Slag - 112,603",CR1 (45 °C),,,,,,,,,,,,,,,,"0,825","275,5",,,,Base e Revestimento (AC-BC),Blend: 90% Nat + 10% RAP a 45°C.
10.34910/MCE.115.5,RAP,Indonésia,Fresa,"SMix = 1140,587Sbit + 65,286VIM + 0,798RAP + 0,555Slag - 112,603",CR2 (35 °C),,,,,,,,,,,,,,,,"0,825","1027,5",,,,Base e Revestimento (AC-BC),"Blend: 80% Nat + 20% RAP. Uso de Reclamite. G_graúdo: 2,613; G_miúdo: 2,580."
10.34910/MCE.115.5,RAP,Indonésia,Fresa,"SMix = 1140,587Sbit + 65,286VIM + 0,798RAP + 0,555Slag - 112,603",CR2 (45 °C),,,,,,,,,,,,,,,,"0,825",363,,,,Base e Revestimento (AC-BC),Blend: 80% Nat + 20% RAP a 45°C.
10.34910/MCE.115.5,RAP,Indonésia,Fresa,"SMix = 1140,587Sbit + 65,286VIM + 0,798RAP + 0,555Slag - 112,603",CR3 (35 °C),,,,,,,,,,,,,,,,"0,825",1231,,,,Base e Revestimento (AC-BC),"Blend: 70% Nat + 30% RAP. MR Máximo. G_graúdo: 2,598; G_miúdo: 2,562."
10.34910/MCE.115.5,RAP,Indonésia,Fresa,"SMix = 1140,587Sbit + 65,286VIM + 0,798RAP + 0,555Slag - 112,603",CR3 (45 °C),,,,,,,,,,,,,,,,"0,825","452,5",,,,Base e Revestimento (AC-BC),Blend: 70% Nat + 30% RAP a 45°C.
10.34910/MCE.115.5,Misto (RAP+EAF),Indonésia,Fresa e Triturado,"SMix = 1140,587Sbit + 65,286VIM + 0,798RAP + 0,555Slag - 112,603",CR1S1 (35 °C),,,,,,,,,,,,,,,,"0,825","729,5",,,,Base e Revestimento (AC-BC),"Blend: 80% Nat / 10% RAP / 10% Slag. G_graúdo: 2,712; G_miúdo: 2,644."
10.34910/MCE.115.5,Misto (RAP+EAF),Indonésia,Fresa e Triturado,"SMix = 1140,587Sbit + 65,286VIM + 0,798RAP + 0,555Slag - 112,603",CR1S1 (45 °C),,,,,,,,,,,,,,,,"0,825",261,,,,Base e Revestimento (AC-BC),Blend: 80% Nat / 10% RAP / 10% Slag a 45°C.
10.34910/MCE.115.5,Misto (RAP+EAF),Indonésia,Fresa e Triturado,"SMix = 1140,587Sbit + 65,286VIM + 0,798RAP + 0,555Slag - 112,603",CR1S2 (35 °C),,,,,,,,,,,,,,,,"0,825",775,,,,Base e Revestimento (AC-BC),"Blend: 70% Nat / 10% RAP / 20% Slag. G_graúdo: 2,797; G_miúdo: 2,691."
10.34910/MCE.115.5,Misto (RAP+EAF),Indonésia,Fresa e Triturado,"SMix = 1140,587Sbit + 65,286VIM + 0,798RAP + 0,555Slag - 112,603",CR1S2 (45 °C),,,,,,,,,,,,,,,,"0,825","289,5",,,,Base e Revestimento (AC-BC),Blend: 70% Nat / 10% RAP / 20% Slag a 45°C.
10.34910/MCE.115.5,Misto (RAP+EAF),Indonésia,Fresa e Triturado,"SMix = 1140,587Sbit + 65,286VIM + 0,798RAP + 0,555Slag - 112,603",CR1S3 (35 °C),,,,,,,,,,,,,,,,"0,825","781,5",,,,Base e Revestimento (AC-BC),"Blend: 60% Nat / 10% RAP / 30% Slag. G_graúdo: 2,881; G_miúdo: 2,738."
10.34910/MCE.115.5,Misto (RAP+EAF),Indonésia,Fresa e Triturado,"SMix = 1140,587Sbit + 65,286VIM + 0,798RAP + 0,555Slag - 112,603",CR1S3 (45 °C),,,,,,,,,,,,,,,,"0,825","316,5",,,,Base e Revestimento (AC-BC),Blend: 60% Nat / 10% RAP / 30% Slag a 45°C.
10.34910/MCE.115.5,Misto (RAP+EAF),Indonésia,Fresa e Triturado,"SMix = 1140,587Sbit + 65,286VIM + 0,798RAP + 0,555Slag - 112,603",CR2S1 (35 °C),,,,,,,,,,,,,,,,"0,825",838,,,,Base e Revestimento (AC-BC),"Blend: 70% Nat / 20% RAP / 10% Slag. G_graúdo: 2,698; G_miúdo: 2,627."
10.34910/MCE.115.5,Misto (RAP+EAF),Indonésia,Fresa e Triturado,"SMix = 1140,587Sbit + 65,286VIM + 0,798RAP + 0,555Slag - 112,603",CR2S1 (45 °C),,,,,,,,,,,,,,,,"0,825",357,,,,Base e Revestimento (AC-BC),Blend: 70% Nat / 20% RAP / 10% Slag a 45°C.
10.34910/MCE.115.5,Misto (RAP+EAF),Indonésia,Fresa e Triturado,"SMix = 1140,587Sbit + 65,286VIM + 0,798RAP + 0,555Slag - 112,603",CR2S2 (35 °C),,,,,,,,,,,,,,,,"0,825","901,5",,,,Base e Revestimento (AC-BC),"Blend: 60% Nat / 20% RAP / 20% Slag. G_graúdo: 2,782; G_miúdo: 2,674."
10.34910/MCE.115.5,Misto (RAP+EAF),Indonésia,Fresa e Triturado,"SMix = 1140,587Sbit + 65,286VIM + 0,798RAP + 0,555Slag - 112,603",CR2S2 (45 °C),,,,,,,,,,,,,,,,"0,825","289,5",,,,Base e Revestimento (AC-BC),Blend: 60% Nat / 20% RAP / 20% Slag a 45°C.
10.34910/MCE.115.5,Misto (RAP+EAF),Indonésia,Fresa e Triturado,"SMix = 1140,587Sbit + 65,286VIM + 0,798RAP + 0,555Slag - 112,603",CR2S3 (35 °C),,,,,,,,,,,,,,,,"0,825","852,5",,,,Base e Revestimento (AC-BC),"Blend: 50% Nat / 20% RAP / 30% Slag. G_graúdo: 2,867; G_miúdo: 2,721."
10.34910/MCE.115.5,Misto (RAP+EAF),Indonésia,Fresa e Triturado,"SMix = 1140,587Sbit + 65,286VIM + 0,798RAP + 0,555Slag - 112,603",CR2S3 (45 °C),,,,,,,,,,,,,,,,"0,825",274,,,,Base e Revestimento (AC-BC),Blend: 50% Nat / 20% RAP / 30% Slag a 45°C.
10.34910/MCE.115.5,Misto (RAP+EAF),Indonésia,Fresa e Triturado,"SMix = 1140,587Sbit + 65,286VIM + 0,798RAP + 0,555Slag - 112,603",CR3S1 (35 °C),,,,,,,,,,,,,,,,"0,825","1081,5",,,,Base e Revestimento (AC-BC),"Blend ótimo: 60% Nat / 30% RAP / 10% Slag. G_graúdo: 2,683; G_miúdo: 2,610."
10.34910/MCE.115.5,Misto (RAP+EAF),Indonésia,Fresa e Triturado,"SMix = 1140,587Sbit + 65,286VIM + 0,798RAP + 0,555Slag - 112,603",CR3S1 (45 °C),,,,,,,,,,,,,,,,"0,825","364,5",,,,Base e Revestimento (AC-BC),Blend: 60% Nat / 30% RAP / 10% Slag a 45°C.
10.34910/MCE.115.5,Misto (RAP+EAF),Indonésia,Fresa e Triturado,"SMix = 1140,587Sbit + 65,286VIM + 0,798RAP + 0,555Slag - 112,603",CR3S2 (35 °C),,,,,,,,,,,,,,,,"0,825",778,,,,Base e Revestimento (AC-BC),"Blend: 50% Nat / 30% RAP / 20% Slag. G_graúdo: 2,768; G_miúdo: 2,657."
10.34910/MCE.115.5,Misto (RAP+EAF),Indonésia,Fresa e Triturado,"SMix = 1140,587Sbit + 65,286VIM + 0,798RAP + 0,555Slag - 112,603",CR3S2 (45 °C),,,,,,,,,,,,,,,,"0,825","329,5",,,,Base e Revestimento (AC-BC),Blend: 50% Nat / 30% RAP / 20% Slag a 45°C.
10.34910/MCE.115.5,Misto (RAP+EAF),Indonésia,Fresa e Triturado,"SMix = 1140,587Sbit + 65,286VIM + 0,798RAP + 0,555Slag - 112,603",CR3S3 (35 °C),,,,,,,,,,,,,,,,"0,825","857,5",,,,Base e Revestimento (AC-BC),"Blend: 40% Nat / 30% RAP / 30% Slag. G_graúdo: 2,852; G_miúdo: 2,704."
10.34910/MCE.115.5,Misto (RAP+EAF),Indonésia,Fresa e Triturado,"SMix = 1140,587Sbit + 65,286VIM + 0,798RAP + 0,555Slag - 112,603",CR3S3 (45 °C),,,,,,,,,,,,,,,,"0,825","341,5",,,,Base e Revestimento (AC-BC),Blend: 40% Nat / 30% RAP / 30% Slag a 45°C.
10.1061/(ASCE)MT.1943-5533.0001619,"SS, FA, D",Índia,Triturado e Pó,Mr/Pa = k1*(σ3/Pa)^k2*(σd/Pa)^k3,95S-5F-5D,,,0,,"22,5",10,,,,"0,0345","0,0931",10000,"0,913","0,123","0,557","0,992","80,5","489,3",-,-,Base de pavimentos flexíveis,Cura: 28 dias.
10.1061/(ASCE)MT.1943-5533.0001619,"SS, FA, D",Índia,Triturado e Pó,Mr/Pa = k1*(σ3/Pa)^k2*(σd/Pa)^k3,95S-5F-10D,,,0,,"23,2","10,5",,,,"0,0345","0,0931",10000,"1,01","0,107","0,55","0,992","88,3","385,7",-,-,Base de pavimentos flexíveis,Cura: 28 dias.
10.1061/(ASCE)MT.1943-5533.0001619,"SS, FA, D",Índia,Triturado e Pó,Mr/Pa = k1*(σ3/Pa)^k2*(σd/Pa)^k3,95S-5F-15D,,,0,,"20,8","12,2",,,,"0,0345","0,0931",10000,"1,1","0,125","0,479","0,992","95,1","299,9",-,-,Base de pavimentos flexíveis,Cura: 28 dias.
10.1061/(ASCE)MT.1943-5533.0001619,"SS, FA, D",Índia,Triturado e Pó,Mr/Pa = k1*(σ3/Pa)^k2*(σd/Pa)^k3,95S-5F-20D,,,0,,"19,4","10,8",,,,"0,0345","0,0931",10000,"1,146","0,114","0,46","0,992","101,8","172,3",-,-,Base de pavimentos flexíveis,Cura: 28 dias.
10.1061/(ASCE)MT.1943-5533.0001619,"SS, FA, D",Índia,Triturado e Pó,Mr/Pa = k1*(σ3/Pa)^k2*(σd/Pa)^k3,85S-15F-5D,,,0,,"19,8","11,5",,,,"0,0345","0,0931",10000,"1,036","0,15","0,539","0,992","92,4","252,4",-,-,Base de pavimentos flexíveis,Cura: 28 dias.
10.1061/(ASCE)MT.1943-5533.0001619,"SS, FA, D",Índia,Triturado e Pó,Mr/Pa = k1*(σ3/Pa)^k2*(σd/Pa)^k3,85S-15F-10D,,,0,,"20,4",12,,,,"0,0345","0,0931",10000,"1,117","0,132","0,528","0,992","99,8","239,2",-,-,Base de pavimentos flexíveis,Cura: 28 dias.
10.1061/(ASCE)MT.1943-5533.0001619,"SS, FA, D",Índia,Triturado e Pó,Mr/Pa = k1*(σ3/Pa)^k2*(σd/Pa)^k3,85S-15F-15D,,,0,,"21,1","12,6",,,,"0,0345","0,0931",10000,"1,206","0,134","0,495","0,992","107,5","192,6",-,-,Base de pavimentos flexíveis,Cura: 28 dias.
10.1061/(ASCE)MT.1943-5533.0001619,"SS, FA, D",Índia,Triturado e Pó,Mr/Pa = k1*(σ3/Pa)^k2*(σd/Pa)^k3,85S-15F-20D,,,0,,"18,8","14,2",,,,"0,0345","0,0931",10000,"1,244","0,109","0,493","0,992","114,6","148,6",-,-,Base de pavimentos flexíveis,Cura: 28 dias.
10.1061/(ASCE)MT.1943-5533.0001619,"SS, FA, D",Índia,Triturado e Pó,Mr/Pa = k1*(σ3/Pa)^k2*(σd/Pa)^k3,80S-20F-15D,,,0,,"19,9","11,9",,,,"0,0345","0,0931",10000,-,-,-,"0,992","113,2",135,-,-,Base de pavimentos flexíveis,Classificada como SW (areia bem graduada); Cura: 28 dias.
10.1061/(ASCE)MT.1943-5533.0001619,"SS, FA, D",Índia,Triturado e Pó,Mr/Pa = k1*(σ3/Pa)^k2*(σd/Pa)^k3,75S-25F-0D,,,0,,"20,5","12,2",,,,"0,0345","0,0931",10000,-,-,-,-,72,910,-,-,Base de pavimentos flexíveis,Baseline (0% Dolime). Pouca formação de gel.
10.1061/(ASCE)MT.1943-5533.0001619,"SS, FA, D",Índia,Triturado e Pó,Mr/Pa = k1*(σ3/Pa)^k2*(σd/Pa)^k3,75S-25F-5D,,,0,,"18,8",12,,,,"0,0345","0,0931",10000,"1,106","0,098","0,442","0,992","104,8","235,8",-,-,Base de pavimentos flexíveis,Cura: 28 dias.
10.1061/(ASCE)MT.1943-5533.0001619,"SS, FA, D",Índia,Triturado e Pó,Mr/Pa = k1*(σ3/Pa)^k2*(σd/Pa)^k3,75S-25F-10D,,,0,,"24,5","11,8",,,,"0,0345","0,0931",10000,"1,211","0,113","0,454","0,992","108,2","179,2",-,-,Base de pavimentos flexíveis,Cura: 28 dias.
10.1061/(ASCE)MT.1943-5533.0001619,"SS, FA, D",Índia,Triturado e Pó,Mr/Pa = k1*(σ3/Pa)^k2*(σd/Pa)^k3,75S-25F-15D,,,0,,"19,3","13,5",,"< 0,5",,"0,0345","0,0931",10000,"1,299","0,102","0,454","0,992","113,5","127,5",-,-,Base de pavimentos flexíveis,MISTURA ÓTIMA; Cura: 28 dias. Baixa expansão.
10.1061/(ASCE)MT.1943-5533.0001619,"SS, FA, D",Índia,Triturado e Pó,Mr/Pa = k1*(σ3/Pa)^k2*(σd/Pa)^k3,75S-25F-20D,,,0,,19,"15,2",,,,"0,0345","0,0931",10000,"1,359","0,097","0,445","0,992","115,2","64,6",-,-,Base de pavimentos flexíveis,Cura: 28 dias.
10.1061/(ASCE)MT.1943-5533.0001619,"SS, FA, D",Índia,Triturado e Pó,Mr/Pa = k1*(σ3/Pa)^k2*(σd/Pa)^k3,65S-35F-5D,,,0,,"19,2","13,5",,,,"0,0345","0,0931",10000,"0,602","0,079","0,4","0,992","54,1","804,4",-,-,Base de pavimentos flexíveis,Cura: 28 dias.
10.1061/(ASCE)MT.1943-5533.0001619,"SS, FA, D",Índia,Triturado e Pó,Mr/Pa = k1*(σ3/Pa)^k2*(σd/Pa)^k3,65S-35F-10D,,,0,,"16,8","14,4",,,,"0,0345","0,0931",10000,"0,912","0,086","0,416","0,992","80,4","710,7",-,-,Base de pavimentos flexíveis,Cura: 28 dias. Excesso de finos piora o Mr.
10.1061/(ASCE)MT.1943-5533.0001619,"SS, FA, D",Índia,Triturado e Pó,Mr/Pa = k1*(σ3/Pa)^k2*(σd/Pa)^k3,65S-35F-15D,,,0,,"17,4","16,2",,,,"0,0345","0,0931",10000,"1,014","0,087","0,427","0,992","90,2",528,-,-,Base de pavimentos flexíveis,Cura: 28 dias.
10.1061/(ASCE)MT.1943-5533.0001619,"SS, FA, D",Índia,Triturado e Pó,Mr/Pa = k1*(σ3/Pa)^k2*(σd/Pa)^k3,65S-35F-20D,,,0,,17,16,,,,"0,0345","0,0931",10000,"1,09","0,084","0,387","0,992","98,4","480,7",-,-,Base de pavimentos flexíveis,Cura: 28 dias.
10.1061/(ASCE)MT.1943-5533.0001619,"SS, FA, D",Índia,Triturado e Pó,Mr/Pa = k1*(σ3/Pa)^k2*(σd/Pa)^k3,75S-25F-15D (0d),,,0,,"19,3","13,5",,,,"0,0345","0,0931",10000,"1,048","0,11","0,507","0,992","75,2","815,1",-,-,Base de pavimentos flexíveis,Cura: 0 dias (Rigidez antes das reações pozolânicas).
10.1061/(ASCE)MT.1943-5533.0001619,"SS, FA, D",Índia,Triturado e Pó,Mr/Pa = k1*(σ3/Pa)^k2*(σd/Pa)^k3,75S-25F-15D (7d),,,0,,"19,3","13,5",,,,"0,0345","0,0931",10000,"1,166","0,111","0,479","0,992","90,1","450,3",-,-,Base de pavimentos flexíveis,Cura: 7 dias. Aumento progressivo de MR.
10.1061/(ASCE)MT.1943-5533.0001619,"SS, FA, D",Índia,Triturado e Pó,Mr/Pa = k1*(σ3/Pa)^k2*(σd/Pa)^k3,75S-25F-15D (14d),,,0,,"19,3","13,5",,,,"0,0345","0,0931",10000,"1,242","0,105","0,472","0,992","102,4","257,3",-,-,Base de pavimentos flexíveis,Cura: 14 dias.
10.1007/s40996-025-01765-x,SSA / RCA,Índia,Triturado,-,Mix-SR,,,,,"3,12","1,86",,,,,,10 Hz,,,,,3160,,,,Revestimento,"OBC: 5,78%; Estabilidade: 19,12 kN; Ligante PG 76-XX"
10.1007/s40996-025-01765-x,SSA,Índia,Triturado,-,Mix-SN,,,,,"3,12","1,86",,,,,,10 Hz,,,,,2984,,,,Revestimento,"OBC: 5,66%; Estabilidade: 17,37 kN; Ligante PG 76-XX"
10.1007/s40996-025-01765-x,SSA,Índia,Triturado,-,Mix-C,,,,,"2,87","0,54",,,,,,10 Hz,,,,,2850,,,,Revestimento,"OBC: 5,53%; Estabilidade: 15,88 kN; Ligante PG 76-XX"
10.1007/s40996-025-01765-x,RCA,Índia,Triturado,-,Mix-D,,,,,"2,87","0,54",,,,,,10 Hz,,,,,2710,,,,Revestimento,"OBC: 5,55%; Estabilidade: 14,27 kN; Ligante PG 76-XX"
10.1007/s40996-025-01765-x,RCA / SSA,Índia,Triturado,-,Mix-RS,,,,,"2,64","1,65",,,,,,10 Hz,,,,,2425,,,,Revestimento,"OBC: 5,82%; Estabilidade: 11,64 kN; Ligante PG 76-XX"
10.1007/s40996-025-01765-x,RCA,Índia,Triturado,-,Mix-RN,,,,,"2,64","1,65",,,,,,10 Hz,,,,,2210,,,,Revestimento,"OBC: 5,74%; Estabilidade: 10,75 kN; Ligante PG 76-XX"
10.1007/s40996-025-01765-x,Natural,Índia,Triturado,-,Mix-N,,,,,"2,87","0,54",,,,,,10 Hz,,,,,2615,,,,Revestimento,"OBC: 5,48%; Estabilidade: 12,26 kN; Controle (NA)"
10.3390/su162310211,Rejeito de Minério de Ferro (IMW),Brasil,Subproduto de flotação de minério de ferro,Modelo Composto (RM = k1 * σ3^k2 * σd^k3),PRS (Baixa),"40,4",0,0,~35%,"16,61","20,5",,"6,1",A-7-6,"0,02","0,02",3300,"24,69","0,185","0,763","0,97",230,,,,Não recomendado,Expansividade crítica por anidrita e haloísita 10Å.
10.3390/su162310212,Rejeito de Minério de Ferro (IMW),Brasil,Subproduto de flotação de minério de ferro,Modelo Composto (RM = k1 * σ3^k2 * σd^k3),PRS (Média),"40,4",0,0,~35%,"16,61","20,5",,"6,1",A-7-6,"0,07","0,14",3300,"24,69","0,185","0,763","0,97",50,,,,Não recomendado,Solo residual filítico; baixa rigidez sob tráfego.
10.3390/su162310213,Rejeito de Minério de Ferro (IMW),Brasil,Subproduto de flotação de minério de ferro,Modelo Composto (RM = k1 * σ3^k2 * σd^k3),PRS (Alta),"40,4",0,0,~35%,"16,61","20,5",,"6,1",A-7-6,"0,105","0,275",3300,"24,69","0,185","0,763","0,97",46,,,,Não recomendado,Módulo resiliente medido a 275 kPa (tensão máxima).
10.3390/su162310214,Rejeito de Minério de Ferro (IMW),Brasil,Subproduto de flotação de minério de ferro,Modelo Composto (RM = k1 * σ3^k2 * σd^k3),PRS80/IMW20 (Baixa),0,0,0,~32%,"17,34","19,2",,"3,9",A-4,"0,02","0,02",3300,"59,34","0,306","0,716","0,939",290,,,,Reforço de subleito,Redução de expansão inicial via adição de IMW.
10.3390/su162310215,Rejeito de Minério de Ferro (IMW),Brasil,Subproduto de flotação de minério de ferro,Modelo Composto (RM = k1 * σ3^k2 * σd^k3),PRS80/IMW20 (Média),0,0,0,~32%,"17,34","19,2",,"3,9",A-4,"0,07","0,14",3300,"59,34","0,306","0,716","0,939",82,,,,Reforço de subleito,Sensibilidade à tensão de confinamento aumentada.
10.3390/su162310216,Rejeito de Minério de Ferro (IMW),Brasil,Subproduto de flotação de minério de ferro,Modelo Composto (RM = k1 * σ3^k2 * σd^k3),PRS80/IMW20 (Alta),0,0,0,~32%,"17,34","19,2",,"3,9",A-4,"0,14","0,42",3300,"59,34","0,306","0,716","0,939",61,,,,Reforço de subleito,Comportamento siltoso (AASHTO A-4).
10.3390/su162310217,Rejeito de Minério de Ferro (IMW),Brasil,Subproduto de flotação de minério de ferro,Modelo Composto (RM = k1 * σ3^k2 * σd^k3),PRS60/IMW40 (Baixa),0,0,0,~30%,"18,39","14,7",,"2,4",A-4,"0,02","0,02",3300,"63,95","0,214","0,567","0,756",250,,,,Sub-base / Reforço,Melhor densificação estrutural com 40% de IMW.
10.3390/su162310218,Rejeito de Minério de Ferro (IMW),Brasil,Subproduto de flotação de minério de ferro,Modelo Composto (RM = k1 * σ3^k2 * σd^k3),PRS60/IMW40 (Média),0,0,0,~30%,"18,39","14,7",,"2,4",A-4,"0,07","0,14",3300,"63,95","0,214","0,567","0,756",88,,,,Sub-base / Reforço,Estabilidade granulométrica superior ao PRS puro.
10.3390/su162310219,Rejeito de Minério de Ferro (IMW),Brasil,Subproduto de flotação de minério de ferro,Modelo Composto (RM = k1 * σ3^k2 * σd^k3),PRS60/IMW40 (Alta),0,0,0,~30%,"18,39","14,7",,"2,4",A-4,"0,14","0,42",3300,"63,95","0,214","0,567","0,756",69,,,,Sub-base / Reforço,Incremento de K1 reflete ganho de rigidez inicial.
10.3390/su162310220,Rejeito de Minério de Ferro (IMW),Brasil,Subproduto de flotação de minério de ferro,Modelo Composto (RM = k1 * σ3^k2 * σd^k3),PRS50/IMW50 (Baixa),0,0,0,~28%,"18,93","14,2",,1,A-4,"0,02","0,02",3300,"94,36","0,259","0,557","0,734",298,,,,Reforço de subleito / Sub-base,Redução da expansão para 1% (limite normativo).
10.3390/su162310221,Rejeito de Minério de Ferro (IMW),Brasil,Subproduto de flotação de minério de ferro,Modelo Composto (RM = k1 * σ3^k2 * σd^k3),PRS50/IMW50 (Média),0,0,0,~28%,"18,93","14,2",,1,A-4,"0,07","0,14",3300,"94,36","0,259","0,557","0,734",115,,,,Reforço de subleito / Sub-base,Ganho de 130% no RM em tensões médias vs PRS.
10.3390/su162310222,Rejeito de Minério de Ferro (IMW),Brasil,Subproduto de flotação de minério de ferro,Modelo Composto (RM = k1 * σ3^k2 * σd^k3),PRS50/IMW50 (Alta),0,0,0,~28%,"18,93","14,2",,1,A-4,"0,14","0,42",3300,"94,36","0,259","0,557","0,734",92,,,,Reforço de subleito / Sub-base,Mistura ideal para estabilização de solos filíticos.
10.3390/su162310223,Rejeito de Minério de Ferro (IMW),Brasil,Subproduto de flotação de minério de ferro,Modelo Composto (RM = k1 * σ3^k2 * σd^k3),LCS (Baixa),"43,2","29,2",14,~50%,"19,26","16,1",,0,A-7-6,"0,02","0,02",3300,"237,5","0,006","0,428","0,916",1270,,,,Camadas superiores,Comportamento laterítico (LA'); cimentação natural.
10.3390/su162310224,Rejeito de Minério de Ferro (IMW),Brasil,Subproduto de flotação de minério de ferro,Modelo Composto (RM = k1 * σ3^k2 * σd^k3),LCS (Média),"43,2","29,2",14,~50%,"19,26","16,1",,0,A-7-6,"0,07","0,14",3300,"237,5","0,006","0,428","0,916",464,,,,Camadas superiores,Estabilidade via caulinita e óxidos de Fe/Al.
10.3390/su162310225,Rejeito de Minério de Ferro (IMW),Brasil,Subproduto de flotação de minério de ferro,Modelo Composto (RM = k1 * σ3^k2 * σd^k3),LCS (Alta),"43,2","29,2",14,~50%,"19,26","16,1",,0,A-7-6,"0,14","0,42",3300,"237,5","0,006","0,428","0,916",351,,,,Camadas superiores,Solo argiloso laterítico com alta rigidez intrínseca.
10.3390/su162310226,Rejeito de Minério de Ferro (IMW),Brasil,Subproduto de flotação de minério de ferro,Modelo Composto (RM = k1 * σ3^k2 * σd^k3),LCS80/IMW20 (Baixa),"35,3","25,8","9,5",~45%,"19,72","13,4",,0,A-4,"0,02","0,02",3300,"340,36","0,104","0,362","0,899",922,,,,Base / Sub-base,Manutenção da rigidez com ganho ambiental.
10.3390/su162310227,Rejeito de Minério de Ferro (IMW),Brasil,Subproduto de flotação de minério de ferro,Modelo Composto (RM = k1 * σ3^k2 * σd^k3),LCS80/IMW20 (Média),"35,3","25,8","9,5",~45%,"19,72","13,4",,0,A-4,"0,07","0,14",3300,"340,36","0,104","0,362","0,899",455,,,,Base / Sub-base,K2 positivo indica maior dependência do confinamento.
10.3390/su162310228,Rejeito de Minério de Ferro (IMW),Brasil,Subproduto de flotação de minério de ferro,Modelo Composto (RM = k1 * σ3^k2 * σd^k3),LCS80/IMW20 (Alta),"35,3","25,8","9,5",~45%,"19,72","13,4",,0,A-4,"0,14","0,42",3300,"340,36","0,104","0,362","0,899",382,,,,Base / Sub-base,Ótimo desempenho mecânico para bases granulares.
10.3390/su162310229,Rejeito de Minério de Ferro (IMW),Brasil,Subproduto de flotação de minério de ferro,Modelo Composto (RM = k1 * σ3^k2 * σd^k3),LCS60/IMW40 (Baixa),"26,5","17,2","9,3",~42%,"20,53","11,7",,0,A-4,"0,02","0,02",3300,"330,84","0,269","0,405","0,759",561,,,,Sub-base,Queda brusca de rigidez comparada ao LCS80/IMW20.
10.3390/su162310230,Rejeito de Minério de Ferro (IMW),Brasil,Subproduto de flotação de minério de ferro,Modelo Composto (RM = k1 * σ3^k2 * σd^k3),LCS60/IMW40 (Média),"26,5","17,2","9,3",~42%,"20,53","11,7",,0,A-4,"0,07","0,14",3300,"330,84","0,269","0,405","0,759",311,,,,Sub-base,Perda de coesão laterítica por excesso de resíduo.
10.3390/su162310231,Rejeito de Minério de Ferro (IMW),Brasil,Subproduto de flotação de minério de ferro,Modelo Composto (RM = k1 * σ3^k2 * σd^k3),LCS60/IMW40 (Alta),"26,5","17,2","9,3",~42%,"20,53","11,7",,0,A-4,"0,14","0,42",3300,"330,84","0,269","0,405","0,759",278,,,,Sub-base,Recomendado apenas para camadas de menor esforço.
10.1016/j.clema.2025.100335,Tampas (PP),Tailândia,Triturado,-,CP,,,,,"20,18",,,,,,,,,,,,"374,8",,,,"Excluído (UCS > 8,3 MPa)","Cimento+Fly Ash (1:2); w/b=0,7"
10.1016/j.clema.2025.100336,Tampas (PP),Tailândia,Triturado,-,CP10,,,,,"19,02",,,,,,,,,,,,303,,,,Base e Sub-base,"Cimento+Fly Ash (1:2); 10% PA; w/b=0,7"
10.1016/j.clema.2025.100337,Tampas (PP),Tailândia,Triturado,-,CP20,,,,,"18,34",,,,,,,,,,,,"223,5",,,,"Não atende critérios de rigidez (Austroads, 2017)","Cimento+Fly Ash (1:2); 20% PA; w/b=0,7"
10.1016/j.clema.2025.100338,Tampas (PP),Tailândia,Triturado,-,CP30,,,,,"17,1",,,,,,,,,,,,"127,4",,,,"Não atende critérios de rigidez (Austroads, 2017)","Cimento+Fly Ash (1:2); 30% PA; w/b=0,7"
10.1016/j.clema.2025.100339,Tampas (PP),Tailândia,Triturado,-,AP,,,,,"19,87",,,,,,,,,,,,"289,6",,,,Sub-base,"High-Ca Fly Ash+10M NaOH; Ativador/FA=0,4"
10.1016/j.clema.2025.100340,Tampas (PP),Tailândia,Triturado,-,AP10,,,,,"18,56",,,,,,,,,,,,"276,1",,,,Sub-base,"High-Ca Fly Ash+10M NaOH; 10% PA; Ativador/FA=0,4"
10.1016/j.clema.2025.100341,Tampas (PP),Tailândia,Triturado,-,AP20,,,,,"17,78",,,,,,,,,,,,"192,5",,,,"Não atende critérios de rigidez (Austroads, 2017)","High-Ca Fly Ash+10M NaOH; 20% PA; Ativador/FA=0,4"
10.1016/j.cscm.2024.e03508,PET (Tampas e Garrafas Plásticas),Malásia,Triturado e peneirado,-,Control,,,,,"22,49",,,,,0,"0,1",,,,,,3155,,,"1,72",Revestimento Asfáltico,Mistura asfáltica SMA (0% PET). Teor Ótimo de Betume (OAC) = 5.30%. O teste de deformação (creep) acusou a maior deformação permanente entre as amostras.
10.1016/j.cscm.2024.e03509,PET (Tampas e Garrafas Plásticas),Malásia,Triturado e peneirado,-,PET-Fine-10,,,,,"22,37",,,,,0,"0,1",5 pulsos (MR) / 3600 (Creep),,,,,3660,,,,Revestimento Asfáltico,10% PET (como agregado miúdo: 4.75 a 0.075mm). OAC = 5.39%. Aumento de 22% no Módulo de Resiliência a 25°C. Melhorou a vida de fadiga e a estabilidade.
10.1016/j.cscm.2024.e03510,PET (Tampas e Garrafas Plásticas),Malásia,Triturado e peneirado,-,PET-Fine-20,,,,,"22,16",,,,,0,"0,1",5 pulsos (MR) / 3600 (Creep),,,,,,,,"0,92",Revestimento Asfáltico,"20% PET miúdo. OAC = 5.45%. Começou a decair o Módulo de Resiliência comparado aos 10%, mas reduziu bastante a deformação permanente para 0.92%."
10.1016/j.cscm.2024.e03511,PET (Tampas e Garrafas Plásticas),Malásia,Triturado e peneirado,-,PET-Fine-30,,,,,46044,,,,,0,"0,1",5 pulsos (MR) / 3600 (Creep),,,,,,,,"1,4",Revestimento Asfáltico,30% PET miúdo. OAC = 5.59%. O excesso de plástico prejudicou o Módulo de Resiliência (queda de 15% em relação aos 10%) e aumentou a deformação para 1.40%.
10.1016/j.cscm.2024.e03512,PET (Tampas e Garrafas Plásticas),Malásia,Triturado e peneirado,-,PET-Filler-10,,,,,"22,41",,,,,0,"0,1",5 pulsos (MR) / 3600 (Creep),,,,,3988,,,,Revestimento Asfáltico,10% PET (como fíler: <0.075mm). OAC = 5.43%. Apresentou o maior módulo de resiliência alcançado no estudo (26% acima do controle).
10.1016/j.cscm.2024.e03513,PET (Tampas e Garrafas Plásticas),Malásia,Triturado e peneirado,-,PET-Filler-20,,,,,"22,29",,,,,0,"0,1",5 pulsos (MR) / 3600 (Creep),,,,,,,,"0,81",Revestimento Asfáltico,Mistura ótima. 20% PET Fíler. OAC = 5.50%. Obteve a menor deformação permanente de todo o estudo (0.81%) e excelente vida de fadiga (suportou mais de 23.000 ciclos sob 2250 N).
10.1016/j.cscm.2024.e03514,PET (Tampas e Garrafas Plásticas),Malásia,Triturado e peneirado,-,PET-Filler-30,,,,,"22,17",,,,,0,"0,1",5 pulsos (MR) / 3600 (Creep),,,,,,,,,Revestimento Asfáltico,"30% PET Fíler. OAC = 5.61%. Tal como a areia miúda, o excesso reduziu o MR e a vida útil."
10.28991/CEJ-2023-09-04-012,Garrafas Plásticas (PET/PP),Iraque,"Triturado (2,36 a 4,75mm)",-,Controle (0%),,,,,"23,64","5,2",,,,0,"0,138",1200,,,,,30527,,,,Revestimento Asfáltico,Mistura de controle (0% plástico). Ensaio a 25 °C. Os valores de OMC da tabela representam o Teor Ótimo de Asfalto (OAC).
10.28991/CEJ-2023-09-04-013,Garrafas Plásticas (PET/PP),Iraque,"Triturado (2,36 a 4,75mm)",-,Plástico 5%,,,,,"23,45","5,1",,,,0,"0,138",1200,,,,,6788,,,,Revestimento Asfáltico,"5% de substituição do agregado miúdo (via seca). Aumento de 5,3% no Módulo de Resiliência em relação ao controle."
10.28991/CEJ-2023-09-04-014,Garrafas Plásticas (PET/PP),Iraque,"Triturado (2,36 a 4,75mm)",-,Plástico 7%,,,,,"23,35","4,8",,,,0,"0,138",1200,,,,,56401,,,,Revestimento Asfáltico,"7% de plástico. O consumo ótimo de asfalto (OAC) cai gradativamente com a adição do resíduo, melhorando a economia."
10.28991/CEJ-2023-09-04-015,Garrafas Plásticas (PET/PP),Iraque,"Triturado (2,36 a 4,75mm)",-,Plástico 9%,,,,,"23,15","4,7",,,,0,"0,138",1200,,,,,82637,,,,Revestimento Asfáltico,Mistura de maior rigidez (ganho de 17% no MR). O volume de Vazios (AV) reduziu substancialmente.
10.28991/CEJ-2023-09-04-016,Garrafas Plásticas (PET/PP),Iraque,"Triturado (2,36 a 4,75mm)",-,Plástico 11%,,,,,"23,15","4,5",,,,0,"0,138",1200,,,,,77646,,,,Revestimento Asfáltico,"Mistura de maior economia de ligante (OAC reduziu 13,5% face ao controle). MR sofreu leve queda se comparado aos 9%, mas mantendo-se 16% acima do controle."
https://doi.org/10.1016/j.jobe.2023.108257,CB (Tijolo Triturado) + Emulsão Asfáltica,Austrália,Triturado / Estabilizado,NCHRP (3 Parâmetros),CB1-70,,,,46025,"19,62","10,88",,,A-1-a,,,AASHTO T30799,1315,629,108,994,"254,18",,,,Base / Sub-base,1% de Emulsão Asfáltica (BEC). Condicionada a 70% da umidade ótima (OMC). Classificação USCS: GW.
https://doi.org/10.1016/j.jobe.2023.108258,CB (Tijolo Triturado) + Emulsão Asfáltica,Austrália,Triturado / Estabilizado,NCHRP (3 Parâmetros),CB1-90,,,,46025,"19,62","10,88",,,A-1-a,,,AASHTO T30799,872,719,188,995,"182,29",,,,Base / Sub-base,1% BEC. Condicionada a 90% OMC. A elevação da umidade reduziu o MR médio.
https://doi.org/10.1016/j.jobe.2023.108259,CB (Tijolo Triturado) + Emulsão Asfáltica,Austrália,Triturado / Estabilizado,NCHRP (3 Parâmetros),CB2-70,,,,46025,"19,62","10,88",,,A-1-a,,,AASHTO T30799,1389,599,112,995,"258,61",,,,Base / Sub-base,2% BEC. Aos 70% de OMC. Teor de emulsão recomendado pelos autores para climas úmidos.
https://doi.org/10.1016/j.jobe.2023.108260,CB (Tijolo Triturado) + Emulsão Asfáltica,Austrália,Triturado / Estabilizado,NCHRP (3 Parâmetros),CB2-90,,,,46025,"19,62","10,88",,,A-1-a,,,AASHTO T30799,1298,603,173,998,"236,26",,,,Base / Sub-base,2% BEC. O teor ótimo minimizou a perda do MR quando a umidade subiu para 90% OMC.
https://doi.org/10.1016/j.jobe.2023.108261,CB (Tijolo Triturado) + Emulsão Asfáltica,Austrália,Triturado / Estabilizado,NCHRP (3 Parâmetros),CB3-70,,,,46025,"19,62","10,88",,,A-1-a,,,AASHTO T30799,1589,485,57,982,"277,96",,,,Base / Sub-base,"3% BEC. Teor recomendado para climas secos. Apresentou o MR mais alto (277,96 MPa) entre as amostras de CB secas."
https://doi.org/10.1016/j.jobe.2023.108262,CB (Tijolo Triturado) + Emulsão Asfáltica,Austrália,Triturado / Estabilizado,NCHRP (3 Parâmetros),CB3-90,,,,46025,"19,62","10,88",,,A-1-a,,,AASHTO T30799,1037,669,84,994,"212,93",,,,Base / Sub-base,3% BEC. Aos 90% de OMC o excesso de emulsão e água prejudicou ligeiramente a rigidez do CB.
https://doi.org/10.1016/j.jobe.2023.108263,RCC (Concreto Reciclado) + Emulsão Asfáltica,Austrália,Triturado / Estabilizado,NCHRP (3 Parâmetros),RCC1-70,,,,46025,"19,52",11,,,A-1-a,,,AASHTO T30799,1456,643,124,925,"318,15",,,,Base / Sub-base,1% BEC. Condicionada a 70% OMC. Classificação USCS: GW. MR consideravelmente maior que o CB nas mesmas condições.
https://doi.org/10.1016/j.jobe.2023.108264,RCC (Concreto Reciclado) + Emulsão Asfáltica,Austrália,Triturado / Estabilizado,NCHRP (3 Parâmetros),RCC1-90,,,,46025,"19,52",11,,,A-1-a,,,AASHTO T30799,1566,643,50,939,"315,97",,,,Base / Sub-base,"1% BEC. Aos 90% OMC, teve pouquíssima variação elástica se comparada aos 70%."
https://doi.org/10.1016/j.jobe.2023.108265,RCC (Concreto Reciclado) + Emulsão Asfáltica,Austrália,Triturado / Estabilizado,NCHRP (3 Parâmetros),RCC2-70,,,,46025,"19,52",11,,,A-1-a,,,AASHTO T30799,1872,447,241,932,"339,84",,,,Base / Sub-base,2% BEC. Atingiu a média máxima de MR para a pesquisa nas simulações de 70% de umidade OMC.
https://doi.org/10.1016/j.jobe.2023.108266,RCC (Concreto Reciclado) + Emulsão Asfáltica,Austrália,Triturado / Estabilizado,NCHRP (3 Parâmetros),RCC2-90,,,,46025,"19,52",11,,,A-1-a,,,AASHTO T30799,1450,668,93,939,"295,54",,,,Base / Sub-base,"2% BEC. Em umidade mais elevada (90%), a mistura com 2% demonstrou ser mais estável que as demais de RCC."
https://doi.org/10.1016/j.jobe.2023.108267,RCC (Concreto Reciclado) + Emulsão Asfáltica,Austrália,Triturado / Estabilizado,NCHRP (3 Parâmetros),RCC3-70,,,,46025,"19,52",11,,,A-1-a,,,AASHTO T30799,1938,466,94,967,"336,68",,,,Base / Sub-base,3% BEC. Condição ótima sugerida para uso em climas mais secos com RCC.
https://doi.org/10.1016/j.jobe.2023.108268,RCC (Concreto Reciclado) + Emulsão Asfáltica,Austrália,Triturado / Estabilizado,NCHRP (3 Parâmetros),RCC3-90,,,,46025,"19,52",11,,,A-1-a,,,AASHTO T30799,1562,584,237,994,"269,81",,,,Base / Sub-base,"3% BEC. Aos 90% OMC apresentou queda expressiva do MR (269,81 MPa) devido ao excesso de fluidos (água + emulsão) reduzindo a interação no material."
10.1016/j.trgeo.2016.03.005,Areia rica em Gesso (Gypsum sand),Iraque,"Solo natural (38,8% gesso)",Propagação de Ondas (E),Unsoaked (Controle 1),,,0,"3,65","18,27",46244,,,A-1-b,"0,011",0,,,,,,195,,,,Subleito,Condição não imersa. O MR foi calculado com a velocidade de propagação das ondas P e S.
10.1016/j.trgeo.2016.03.006,Areia rica em Gesso (Gypsum sand),Iraque,"Solo natural (38,8% gesso)",Propagação de Ondas (E),4-Day Soaked (Controle 2),,,0,"3,65","18,27",46244,,,A-1-b,"0,011",0,,,,,,"145,95",,,,Subleito,"Condição padrão da norma (4 dias de imersão). Segundo os autores, este ensaio tradicional superestima a rigidez final da areia gipsífera em cerca de 65%."
10.1016/j.trgeo.2016.03.007,Areia rica em Gesso (Gypsum sand),Iraque,"Solo natural (38,8% gesso)",Propagação de Ondas (E),14-Days Cycle (Equilibrium),,,0,"3,65","18,27",46244,42,,A-1-b,"0,011",0,,,,,,"103,53",,,,Subleito,"Alta frequência (7 dias umedecendo + 7 secando). O valor do MR reportado é o ""Equilibrium Soaked"", alcançado a partir do 4º ciclo da fase úmida."
10.1016/j.trgeo.2016.03.008,Areia rica em Gesso (Gypsum sand),Iraque,"Solo natural (38,8% gesso)",Propagação de Ondas (E),60-Days Cycle (Equilibrium),,,0,"3,65","18,27",46244,"41,47",,A-1-b,"0,011",0,,,,,,"100,85",,,,Subleito,Frequência média (30 dias úmido + 30 dias seco). O MR cai na fase de umedecimento devido à dissolução da cimentação do gesso.
10.1016/j.trgeo.2016.03.009,Areia rica em Gesso (Gypsum sand),Iraque,"Solo natural (38,8% gesso)",Propagação de Ondas (E),180-Days Cycle (Equilibrium),,,0,"3,65","18,27",46244,"41,25",,A-1-b,"0,011",0,,,,,,"85,22",,,,Subleito,"Baixa frequência (90 dias umedecendo + 90 secando). Esta imersão prolongada resultou na maior queda do MR (85,22 MPa), representando 43,7% da rigidez inicial não imersa."
10.1061/(ASCE)MT.1943-5533.0002765,Brita Reciclada (CR) + Borracha + Vidro,Austrália,Britado e Misturado,Mr​=k1​(pa​σ3​​+1)k2​(pa​σd​​+1)k3​,CR,30,24,6,8,"21,97",8,126,,,,,15 Estágios,"56,3",30,1213,"0,92",132,,,,Base / Sub-base,Controle CR puro (100%). pH varia de 10 a 12.
10.1061/(ASCE)MT.1943-5533.0002766,Brita Reciclada (CR) + Borracha + Vidro,Austrália,Britado e Misturado,Mr​=k1​(pa​σ3​​+1)k2​(pa​σd​​+1)k3​,CR + 1% R,,,,,,,89,,,,,15 Estágios,46108,15,1667,"0,84","91,3",,,,Base / Sub-base,"A adição de 1% de borracha gerou um esqueleto resiliente, mas derrubou o CBR (para 89%) e o Módulo de Resiliência."
10.1061/(ASCE)MT.1943-5533.0002767,Brita Reciclada (CR) + Borracha + Vidro,Austrália,Britado e Misturado,Mr​=k1​(pa​σ3​​+1)k2​(pa​σd​​+1)k3​,CR + 1% R + 1% CG,,,,,"24,27","7,75",133,,,,,15 Estágios,"33,6",387,1666,"0,83","96,1",,,,Base / Sub-base,O vidro (CG) preenche os vazios gerados pela borracha. O CBR voltou a subir superando a brita pura (CBR 133%).
10.1061/(ASCE)MT.1943-5533.0002768,Brita Reciclada (CR) + Borracha + Vidro,Austrália,Britado e Misturado,Mr​=k1​(pa​σ3​​+1)k2​(pa​σd​​+1)k3​,CR + 1% R + 3% CG,,,,,46258,"8,14",138,,,,,15 Estágios,"34,7",258,1724,"0,83","105,7",,,,Base / Sub-base,"O aumento para 3% de vidro continuou preenchendo os vazios da borracha, elevando o CBR (138%) e o módulo para 105.7 MPa"
10.1061/(ASCE)MT.1943-5533.0002769,Brita Reciclada (CR) + Borracha + Vidro,Austrália,Britado e Misturado,Mr​=k1​(pa​σ3​​+1)k2​(pa​σd​​+1)k3​,CR + 1% R + 5% CG,,,,,"23,97","8,28",144,,,,,15 Estágios,"49,3",406,1069,"0,91",131,,,,Base / Sub-base,Mistura ótima de CR: 5% de vidro restaurou o Módulo de Resiliência original (131 MPa) e atingiu o maior CBR da classe.
10.1061/(ASCE)MT.1943-5533.0002770,Concreto Reciclado (RCA) + Borracha + Vidro,Austrália,Britado e Misturado,Mr​=k1​(pa​σ3​​+1)k2​(pa​σd​​+1)k3​,RCA,35,29,6,7,"19,72",12,137,,,,,15 Estágios,"54,7",247,1030,"0,98",132,,,,Base / Sub-base,Controle RCA puro (100%). Apresentou CBR superior à brita pura (CR).
10.1061/(ASCE)MT.1943-5533.0002771,Concreto Reciclado (RCA) + Borracha + Vidro,Austrália,Britado e Misturado,Mr​=k1​(pa​σ3​​+1)k2​(pa​σd​​+1)k3​,RCA + 1% R,,,,,,,116,,,,,15 Estágios,46253,311,1668,"0,87","81,6",,,,Base / Sub-base,A borracha isolada também reduziu consideravelmente a rigidez do RCA.
10.1061/(ASCE)MT.1943-5533.0002772,Concreto Reciclado (RCA) + Borracha + Vidro,Austrália,Britado e Misturado,Mr​=k1​(pa​σ3​​+1)k2​(pa​σd​​+1)k3​,RCA + 1% R + 1% CG,,,,,"21,65","12,32",147,,,,,15 Estágios,"82,1",101,919,"0,96",169,,,,Base / Sub-base,"A adição de apenas 1% de vidro já superou (em muito) o MR do RCA puro, alcançando 169 MPa."
10.1061/(ASCE)MT.1943-5533.0002773,Concreto Reciclado (RCA) + Borracha + Vidro,Austrália,Britado e Misturado,Mr​=k1​(pa​σ3​​+1)k2​(pa​σd​​+1)k3​,RCA + 1% R + 3% CG,,,,,"21,92","11,86",157,,,,,15 Estágios,95,190,1276,"0,88",187,,,,Base / Sub-base,Excelente desempenho. A adição de 3% de vidro triturado resultou em um salto expressivo no módulo de resiliência médio alcançando 187 MPa e CBR de 157%
10.1061/(ASCE)MT.1943-5533.0002774,Concreto Reciclado (RCA) + Borracha + Vidro,Austrália,Britado e Misturado,Mr​=k1​(pa​σ3​​+1)k2​(pa​σd​​+1)k3​,RCA + 1% R + 5% CG,,,,,"21,8","12,51",164,,,,,15 Estágios,121,173,773,"0,84",192,,,,Base / Sub-base,"Melhor mistura do artigo. O vidro aumentou a densidade de empacotamento, resultando em CBR excepcional de 164% e MR médio de 192 MPa."
https://doi.org/10.1038/s41598-025-17909-y,RAP + Borracha (CR), Paquistão,Fresado (RAP) e Triturado (CR),-,"RAP 0%, CR 0%",,,,,,,,,,0,"0,26","100 cond, + 5 leitura",,,,,8931,,,,Revestimento Asfáltico,Mistura de Controle (0%). Testemunho de asfalto ACWC virgem (Betume 60/70). Afundamento de trilha de roda = 2.08 mm.
https://doi.org/10.1038/s41598-025-17909-y,RAP + Borracha (CR), Paquistão,Fresado (RAP) e Triturado (CR),-,"RAP 0%, CR 7%",,,,,,,,,,0,"0,26","100 cond, + 5 leitura",,,,,11215,,,,Revestimento Asfáltico,Mistura asfáltica com 7% de borracha como ligante. O afundamento de trilha de roda reduziu para 1.41 mm e obteve o 2º maior MR.
https://doi.org/10.1038/s41598-025-17909-y,RAP + Borracha (CR), Paquistão,Fresado (RAP) e Triturado (CR),-,"RAP 15%, CR 0%",,,,,,,,,,0,"0,26","100 cond, + 5 leitura",,,,,10414,,,,Revestimento Asfáltico,Mistura com 15% de Fresado (RAP) e sem borracha. O RAP aumenta a coesão devido à interação do ligante envelhecido com o novo.
https://doi.org/10.1038/s41598-025-17909-y,RAP + Borracha (CR), Paquistão,Fresado (RAP) e Triturado (CR),-,"RAP 15%, CR 7%",,,,,,,,,,0,"0,26","100 cond, + 5 leitura",,,,,12345,,,,Revestimento Asfáltico,"Mistura Ótima testada no pavimento. Maior Resistência à Tração (8.71 kN), Maior Módulo Resiliente (12345 MPa) e menor Afundamento (1.22 mm)."
10.1016/j.conbuildmat.2023.133816,Controle (Argila),Irã,Natural,Mr = k1*(σd/Pa)^k2,Pure Clay,65,32,33,85,"16,18","22,5","2,9","7,4",A-7-5,,,100,"75,9","-0,272",0,"0,64",,,,,Subleito,Argila altamente expansiva (CH). K1 e K2 extraídos do modelo de Moossazadeh.
10.1016/j.conbuildmat.2023.133816,RCA,Irã,Triturado,Mr = k1*(σd/Pa)^k2,10% RCA (7 days),,,,"77,3","16,48","16,7","6,3","6,3",,,,100,"92,57","-0,233",0,"0,64",108,,,,Subleito,Cura de 7 dias. Adição de RCA reduziu a expansão e elevou a rigidez.
10.1016/j.conbuildmat.2023.133816,RCA,Irã,Triturado,Mr = k1*(σd/Pa)^k2,10% RCA (28 days),,,,"77,3","16,48","16,7","6,3","6,3",,,,100,"106,08","-0,224",0,"0,58",115,,,,Subleito,Cura estendida para 28 dias.
10.1016/j.conbuildmat.2023.133816,RCA,Irã,Triturado,Mr = k1*(σd/Pa)^k2,20% RCA (7 days),,,,"69,6","16,87","15,1","7,2","4,1",,,,100,"130,57","-0,221",0,"0,61",147,,,,Subleito,Cura de 7 dias.
10.1016/j.conbuildmat.2023.133816,RCA,Irã,Triturado,Mr = k1*(σd/Pa)^k2,20% RCA (28 days),,,,"69,6","16,87","15,1","7,2","4,1",,,,100,"158,23","-0,216",0,"0,54",165,,,,Subleito,Cura de 28 dias.
10.1016/j.conbuildmat.2023.133816,RCA,Irã,Triturado,Mr = k1*(σd/Pa)^k2,30% RCA (7 days),,,,"61,9","17,65","13,7","10,3","2,3",,,,100,"144,09","-0,234",0,"0,56",159,,,,Subleito,"Cura de 7 dias. Queda drástica da expansão (2,3%)."
10.1016/j.conbuildmat.2023.133816,RCA,Irã,Triturado,Mr = k1*(σd/Pa)^k2,30% RCA (28 days),,,,"61,9","17,65","13,7","10,3","2,3",,,,100,"175,05","-0,21",0,"0,51",183,,,,Subleito,Cura de 28 dias. Mistura mecânica ótima de RCA sem cimentação.
10.1016/j.conbuildmat.2023.133816,RCA + Escória (GBS),Irã,Triturado e Pó,Mr = k1*(σd/Pa)^k2,20% RCA + 3% GBS (7 days),,,,,,,,,,,,100,"182,63","-0,215",0,"0,56",209,,,,Subleito / Sub-base,Adição de estabilizador químico (Escória GBS). Cura de 7 dias.
10.1016/j.conbuildmat.2023.133816,RCA + Escória (GBS),Irã,Triturado e Pó,Mr = k1*(σd/Pa)^k2,20% RCA + 3% GBS (28 days),,,,,,,,,,,,100,"225,12","-0,179",0,"0,38",234,,,,Subleito / Sub-base,Cura de 28 dias.
10.1016/j.conbuildmat.2023.133816,RCA + Escória (GBS),Irã,Triturado e Pó,Mr = k1*(σd/Pa)^k2,20% RCA + 6% GBS (7 days),,,,,,,,,,,,100,"242,51","-0,154",0,"0,26",236,,,,Subleito / Sub-base,Cura de 7 dias.
10.1016/j.conbuildmat.2023.133816,RCA + Escória (GBS),Irã,Triturado e Pó,Mr = k1*(σd/Pa)^k2,20% RCA + 6% GBS (28 days),,,,,,,,,,,,100,"264,14","-0,19",0,"0,4",290,,,,Subleito / Sub-base,Cura de 28 dias.
10.1016/j.conbuildmat.2023.133816,RCA + Escória (GBS),Irã,Triturado e Pó,Mr = k1*(σd/Pa)^k2,20% RCA + 9% GBS (7 days),,,,,,,,,,,,100,"309,84","-0,162",0,"0,28",318,,,,Subleito / Sub-base,Cura de 7 dias.
10.1016/j.conbuildmat.2023.133816,RCA + Escória (GBS),Irã,Triturado e Pó,Mr = k1*(σd/Pa)^k2,20% RCA + 9% GBS (28 days),,,,,,,,,,,,100,"383,88","-0,148",0,"0,24",404,,,,Subleito / Sub-base,Cura de 28 dias.
10.1016/j.conbuildmat.2023.133816,RCA + Escória (GBS),Irã,Triturado e Pó,Mr = k1*(σd/Pa)^k2,20% RCA + 12% GBS (7 days),,,,,,,,,,,,100,"346,56","-0,169",0,"0,25",337,,,,Subleito / Sub-base,Cura de 7 dias.
10.1016/j.conbuildmat.2023.133816,RCA + Escória (GBS),Irã,Triturado e Pó,Mr = k1*(σd/Pa)^k2,20% RCA + 12% GBS (28 days),,,,,,,,,,,,100,"430,9","-0,142",0,"0,2",459,,,,Sub-base,Mistura Ótima atingindo resistência-alvo para sub-base.
10.1155/2019/8238904,RCA / RAP,Paquistão / Canadá,Fresa e Triturado,MR = 49.37(CBR)^0.59,100% A,,,,,"21,1",,65,,,,,100,,,,,550,,,,Base / Sub-base,Agregado natural (A) puro. MR estimado no bulk stress correspondente ao CBR.
10.1155/2019/8238904,RCA / RAP,Paquistão / Canadá,Fresa e Triturado,MR = 49.37(CBR)^0.59,100% F,,,,,"22,1",,74,,,,,100,,,,,600,,,"0,12",Base / Sub-base,"Agregado natural (F) puro. Ensaio longo de DP relatou 0,12% após 20.000 ciclos."
10.1155/2019/8238904,RCA / RAP,Paquistão / Canadá,Fresa e Triturado,MR = 49.37(CBR)^0.59,100% W,,,,,"22,4",,85,,,,,100,,,,,670,,,,Base / Sub-base,Agregado natural (W) puro. Maior densidade e CBR entre os naturais.
10.1155/2019/8238904,RCA / RAP,Paquistão / Canadá,Fresa e Triturado,MR = 49.37(CBR)^0.59,100% RCA,,,,,"19,2",,53,,,,,100,,,,,410,,,,Base / Sub-base,Agregado de Concreto Reciclado (RCA) puro.
10.1155/2019/8238904,RCA / RAP,Paquistão / Canadá,Fresa e Triturado,MR = 49.37(CBR)^0.59,75% A + 25% RAP(1),,,,,"20,7",,47,,,,,100,,,,,470,,,,Base / Sub-base,Blend natural A com RAP fonte 1.
10.1155/2019/8238904,RCA / RAP,Paquistão / Canadá,Fresa e Triturado,MR = 49.37(CBR)^0.59,50% A + 50% RAP(1),,,,,"20,5",,31,,,,,100,,,,,300,,,,Base / Sub-base,Aumento de RAP reduz o CBR da mistura.
10.1155/2019/8238904,RCA / RAP,Paquistão / Canadá,Fresa e Triturado,MR = 49.37(CBR)^0.59,25% A + 75% RAP(1),,,,,"20,2",,22,,,,,100,,,,,280,,,,Base / Sub-base,Alta concentração de RAP aumenta a deformação e derruba CBR.
10.1155/2019/8238904,RCA / RAP,Paquistão / Canadá,Fresa e Triturado,MR = 49.37(CBR)^0.59,75% A + 25% RAP(2),,,,,"20,3",,55,,,,,100,,,,,505,,,,Base / Sub-base,Blend natural A com RAP fonte 2.
10.1155/2019/8238904,RCA / RAP,Paquistão / Canadá,Fresa e Triturado,MR = 49.37(CBR)^0.59,50% A + 50% RAP(2),,,,,"20,8",,39,,,,,100,,,,,410,,,,Base / Sub-base,Blend natural A com RAP fonte 2.
10.1155/2019/8238904,RCA / RAP,Paquistão / Canadá,Fresa e Triturado,MR = 49.37(CBR)^0.59,25% A + 75% RAP(2),,,,,"21,3",,17,,,,,100,,,,,260,,,,Base / Sub-base,Blend natural A com RAP fonte 2.
10.1155/2019/8238904,RCA / RAP,Paquistão / Canadá,Fresa e Triturado,MR = 49.37(CBR)^0.59,75% A + 25% RAP(3),,,,,"20,1",,51,,,,,100,,,,,490,,,,Base / Sub-base,Blend natural A com RAP fonte 3.
10.1155/2019/8238904,RCA / RAP,Paquistão / Canadá,Fresa e Triturado,MR = 49.37(CBR)^0.59,50% A + 50% RAP(3),,,,,"20,5",,30,,,,,100,,,,,315,,,,Base / Sub-base,Blend natural A com RAP fonte 3.
10.1155/2019/8238904,RCA / RAP,Paquistão / Canadá,Fresa e Triturado,MR = 49.37(CBR)^0.59,25% A + 75% RAP(3),,,,,"19,9",,19,,,,,100,,,,,310,,,,Base / Sub-base,Blend natural A com RAP fonte 3.
10.1155/2019/8238904,RCA / RAP,Paquistão / Canadá,Fresa e Triturado,MR = 49.37(CBR)^0.59,75% A + 25% RAP(4),,,,,"19,7",,55,,,,,100,,,,,505,,,,Base / Sub-base,Blend natural A com RAP fonte 4.
10.1155/2019/8238904,RCA / RAP,Paquistão / Canadá,Fresa e Triturado,MR = 49.37(CBR)^0.59,50% A + 50% RAP(4),,,,,"19,8",,43,,,,,100,,,,,402,,,,Base / Sub-base,Blend natural A com RAP fonte 4.
10.1155/2019/8238904,RCA / RAP,Paquistão / Canadá,Fresa e Triturado,MR = 49.37(CBR)^0.59,25% A + 75% RAP(4),,,,,"19,2",,27,,,,,100,,,,,252,,,,Base / Sub-base,Blend natural A com RAP fonte 4.
10.1155/2019/8238904,RCA / RAP,Paquistão / Canadá,Fresa e Triturado,MR = 49.37(CBR)^0.59,75% F + 25% RAP(1),,,,,"20,8",,52,,,,,100,,,,,538,,,,Base / Sub-base,Blend natural F com RAP fonte 1.
10.1155/2019/8238904,RCA / RAP,Paquistão / Canadá,Fresa e Triturado,MR = 49.37(CBR)^0.59,50% F + 50% RAP(1),,,,,"21,3",,41,,,,,100,,,,,455,,,,Base / Sub-base,Blend natural F com RAP fonte 1.
10.1155/2019/8238904,RCA / RAP,Paquistão / Canadá,Fresa e Triturado,MR = 49.37(CBR)^0.59,25% F + 75% RAP(1),,,,,"20,1",,14,,,,,100,,,,,356,,,,Base / Sub-base,Blend natural F com RAP fonte 1.
10.1155/2019/8238904,RCA / RAP,Paquistão / Canadá,Fresa e Triturado,MR = 49.37(CBR)^0.59,75% F + 25% RAP(2),,,,,"20,5",,59,,,,,100,,,,,525,,,,Base / Sub-base,Blend natural F com RAP fonte 2.
10.1155/2019/8238904,RCA / RAP,Paquistão / Canadá,Fresa e Triturado,MR = 49.37(CBR)^0.59,50% F + 50% RAP(2),,,,,"19,9",,48,,,,,100,,,,,407,,,"0,22",Base / Sub-base,"Ensaio longo de DP relatou 0,22% de residual strain para essa amostra."
10.1155/2019/8238904,RCA / RAP,Paquistão / Canadá,Fresa e Triturado,MR = 49.37(CBR)^0.59,25% F + 75% RAP(2),,,,,"19,7",,31,,,,,100,,,,,408,,,"0,6",Base / Sub-base,"Altíssimo acúmulo de DP (0,60%) devido à grande quantidade de RAP."
10.1155/2019/8238904,RCA / RAP,Paquistão / Canadá,Fresa e Triturado,MR = 49.37(CBR)^0.59,75% F + 25% RAP(3),,,,,"20,1",,62,,,,,100,,,,,667,,,,Base / Sub-base,Blend natural F com RAP fonte 3.
10.1155/2019/8238904,RCA / RAP,Paquistão / Canadá,Fresa e Triturado,MR = 49.37(CBR)^0.59,50% F + 50% RAP(3),,,,,"19,2",,41,,,,,100,,,,,516,,,,Base / Sub-base,Blend natural F com RAP fonte 3.
10.1155/2019/8238904,RCA / RAP,Paquistão / Canadá,Fresa e Triturado,MR = 49.37(CBR)^0.59,25% F + 75% RAP(3),,,,,"20,8",,19,,,,,100,,,,,343,,,,Base / Sub-base,Blend natural F com RAP fonte 3.
10.1155/2019/8238904,RCA / RAP,Paquistão / Canadá,Fresa e Triturado,MR = 49.37(CBR)^0.59,75% F + 25% RAP(4),,,,,"21,3",,43,,,,,100,,,,,515,,,,Base / Sub-base,Blend natural F com RAP fonte 4.
10.1155/2019/8238904,RCA / RAP,Paquistão / Canadá,Fresa e Triturado,MR = 49.37(CBR)^0.59,50% F + 50% RAP(4),,,,,"20,1",,32,,,,,100,,,,,490,,,,Base / Sub-base,Blend natural F com RAP fonte 4.
10.1155/2019/8238904,RCA / RAP,Paquistão / Canadá,Fresa e Triturado,MR = 49.37(CBR)^0.59,25% F + 75% RAP(4),,,,,"21,3",,13,,,,,100,,,,,278,,,,Base / Sub-base,Blend natural F com RAP fonte 4.
10.1155/2019/8238904,RCA / RAP,Paquistão / Canadá,Fresa e Triturado,MR = 49.37(CBR)^0.59,75% W+25% RAP(1),,,,,"20,8",,51,,,,,100,,,,,510,,,,Base / Sub-base,Blend natural W com RAP fonte 1.
10.1155/2019/8238904,RCA / RAP,Paquistão / Canadá,Fresa e Triturado,MR = 49.37(CBR)^0.59,50% W+50% RAP(1),,,,,"20,5",,44,,,,,100,,,,,500,,,,Base / Sub-base,Blend natural W com RAP fonte 1.
10.1155/2019/8238904,RCA / RAP,Paquistão / Canadá,Fresa e Triturado,MR = 49.37(CBR)^0.59,25% W+75% RAP(1),,,,,"19,9",,16,,,,,100,,,,,240,,,,Base / Sub-base,Blend natural W com RAP fonte 1.
10.1155/2019/8238904,RCA / RAP,Paquistão / Canadá,Fresa e Triturado,MR = 49.37(CBR)^0.59,75% W+25% RAP(2),,,,,"19,7",,55,,,,,100,,,,,502,,,,Base / Sub-base,Blend natural W com RAP fonte 2.
10.1155/2019/8238904,RCA / RAP,Paquistão / Canadá,Fresa e Triturado,MR = 49.37(CBR)^0.59,50% W+50% RAP(2),,,,,"19,9",,31,,,,,100,,,,,438,,,,Base / Sub-base,Blend natural W com RAP fonte 2.
10.1155/2019/8238904,RCA / RAP,Paquistão / Canadá,Fresa e Triturado,MR = 49.37(CBR)^0.59,25% W+75% RAP(2),,,,,"21,3",,12,,,,,100,,,,,265,,,,Base / Sub-base,Blend natural W com RAP fonte 2.
10.1155/2019/8238904,RCA / RAP,Paquistão / Canadá,Fresa e Triturado,MR = 49.37(CBR)^0.59,75% W+25% RAP(3),,,,,"20,1",,48,,,,,100,,,,,520,,,,Base / Sub-base,Blend natural W com RAP fonte 3.
10.1155/2019/8238904,RCA / RAP,Paquistão / Canadá,Fresa e Triturado,MR = 49.37(CBR)^0.59,50% W+50% RAP(3),,,,,"21,3",,35,,,,,100,,,,,447,,,,Base / Sub-base,Blend natural W com RAP fonte 3.
10.1155/2019/8238904,RCA / RAP,Paquistão / Canadá,Fresa e Triturado,MR = 49.37(CBR)^0.59,25% W+75% RAP(3),,,,,"20,7",,21,,,,,100,,,,,255,,,,Base / Sub-base,Blend natural W com RAP fonte 3.
10.1155/2019/8238904,RCA / RAP,Paquistão / Canadá,Fresa e Triturado,MR = 49.37(CBR)^0.59,75% W+25% RAP(4),,,,,"20,5",,45,,,,,100,,,,,480,,,,Base / Sub-base,Blend natural W com RAP fonte 4.
10.1155/2019/8238904,RCA / RAP,Paquistão / Canadá,Fresa e Triturado,MR = 49.37(CBR)^0.59,50% W+50% RAP(4),,,,,"19,9",,34,,,,,100,,,,,473,,,,Base / Sub-base,Blend natural W com RAP fonte 4.
10.1155/2019/8238904,RCA / RAP,Paquistão / Canadá,Fresa e Triturado,MR = 49.37(CBR)^0.59,25% W+75% RAP(4),,,,,"19,2",,9,,,,,100,,,,,213,,,,Base / Sub-base,Mistura com baixo CBR (9%).
10.1155/2019/8238904,RCA / RAP,Paquistão / Canadá,Fresa e Triturado,MR = 49.37(CBR)^0.59,75% RCA+ 25% RAP(1),,,,,"20,8",,38,,,,,100,,,,,486,,,,Base / Sub-base,Blend 100% material reciclado (RCA + RAP).
10.1155/2019/8238904,RCA / RAP,Paquistão / Canadá,Fresa e Triturado,MR = 49.37(CBR)^0.59,50% RCA+ 50% RAP(1),,,,,"21,3",,23,,,,,100,,,,,330,,,,Base / Sub-base,Blend 100% material reciclado (RCA + RAP).
10.1155/2019/8238904,RCA / RAP,Paquistão / Canadá,Fresa e Triturado,MR = 49.37(CBR)^0.59,25% RCA+ 75% RAP(1),,,,,"20,1",,12,,,,,100,,,,,187,,,,Base / Sub-base,Blend 100% material reciclado (RCA + RAP).
10.1155/2019/8238904,RCA / RAP,Paquistão / Canadá,Fresa e Triturado,MR = 49.37(CBR)^0.59,75% RCA+ 25% RAP(2),,,,,"21,3",,38,,,,,100,,,,,525,,,,Base / Sub-base,Blend 100% material reciclado (RCA + RAP).
10.1155/2019/8238904,RCA / RAP,Paquistão / Canadá,Fresa e Triturado,MR = 49.37(CBR)^0.59,50% RCA+ 50% RAP(2),,,,,"20,1",,31,,,,,100,,,,,356,,,,Base / Sub-base,Blend 100% material reciclado (RCA + RAP).
10.1155/2019/8238904,RCA / RAP,Paquistão / Canadá,Fresa e Triturado,MR = 49.37(CBR)^0.59,25% RCA+ 75% RAP(2),,,,,"21,4",,14,,,,,100,,,,,200,,,,Base / Sub-base,Blend 100% material reciclado (RCA + RAP).
10.1155/2019/8238904,RCA / RAP,Paquistão / Canadá,Fresa e Triturado,MR = 49.37(CBR)^0.59,75% RCA+ 25% RAP(3),,,,,"20,1",,32,,,,,100,,,,,447,,,,Base / Sub-base,Blend 100% material reciclado (RCA + RAP).
10.1155/2019/8238904,RCA / RAP,Paquistão / Canadá,Fresa e Triturado,MR = 49.37(CBR)^0.59,50% RCA+ 50% RAP(3),,,,,"20,5",,15,,,,,100,,,,,226,,,,Base / Sub-base,Blend 100% material reciclado (RCA + RAP).
10.1155/2019/8238904,RCA / RAP,Paquistão / Canadá,Fresa e Triturado,MR = 49.37(CBR)^0.59,25% RCA+ 75% RAP(3),,,,,"19,9",,9,,,,,100,,,,,148,,,,Base / Sub-base,Menor MR registrado no estudo (148 MPa) entre os blends de reciclados.
10.1155/2019/8238904,RCA / RAP,Paquistão / Canadá,Fresa e Triturado,MR = 49.37(CBR)^0.59,75% RCA+ 25% RAP(4),,,,,"19,2",,39,,,,,100,,,,,473,,,,Base / Sub-base,Blend 100% material reciclado (RCA + RAP).
10.1155/2019/8238904,RCA / RAP,Paquistão / Canadá,Fresa e Triturado,MR = 49.37(CBR)^0.59,50% RCA+ 50% RAP(4),,,,,"20,1",,13,,,,,100,,,,,200,,,,Base / Sub-base,Blend 100% material reciclado (RCA + RAP).
10.1155/2019/8238904,RCA / RAP,Paquistão / Canadá,Fresa e Triturado,MR = 49.37(CBR)^0.59,25% RCA+ 75% RAP(4),,,,,"20,2",,18,,,,,100,,,,,161,,,,Base / Sub-base,Blend 100% material reciclado (RCA + RAP).
10.1080/10298436.2025.2532697,RCA,EUA,Triturado,Modelo de Witczak,RCA_1,,,0,"1,1","18,2",0,,,A-1-a,,,100,1542,"0,65","-0,26","0,94",223,,,,Base,Material Open-Graded (OGDC). OMC zero devido a compactação a seco. USCS: GW.
10.1080/10298436.2025.2532697,RCA,EUA,Triturado,Modelo de Witczak,RCA_2,,,0,"0,9",21,"9,8",,,A-1-a,,,100,2204,"0,6","-0,1","0,94",309,,,,Base,USCS: GW. Maior empacotamento devido à variação granulométrica.
10.1080/10298436.2025.2532697,RCA,EUA,Triturado,Modelo de Witczak,RCA_3,,,0,"2,1","15,8",0,,,A-1-a,,,100,1548,"0,63","-0,26","0,92",161,,,,Base,Material Open-Graded (OGDC). USCS: GP. OMC zero devido a compactação a seco.
10.1080/10298436.2025.2532697,RCA,EUA,Triturado,Modelo de Witczak,RCA_4,,,0,"2,8","20,5","9,3",,,A-1-a,,,100,1096,"0,72","-0,18","0,94",169,,,,Base,Material denso. USCS: GW.
10.1080/10298436.2025.2532697,RCA,EUA,Triturado,Modelo de Witczak,RCA_5,,,0,2,"21,1","9,4",,,A-1-a,,,100,1897,"0,83","-0,66","0,96",268,,,,Base,O estudo PCA demonstrou que finos menores que 5% aumentam a rigidez (MR).
10.1080/10298436.2025.2532697,RCA,EUA,Triturado,Modelo de Witczak,RCA_6,,,0,"3,3",21,"8,4",,,A-1-a,,,100,2101,"0,65","-0,35","0,96",244,,,,Base,USCS: GP. Fator aresta/forma dos grãos contribuiu para boa rigidez.
10.1080/10298436.2025.2532697,RCA,EUA,Triturado,Modelo de Witczak,RCA_7,,,0,"5,8","20,5","10,2",,,A-1-a,,,100,1825,"0,65","-0,11","0,9",206,,,,Base,USCS: GW-GM.
10.1080/10298436.2025.2532697,RCA,EUA,Triturado,Modelo de Witczak,RCA_8,,,0,"2,7","20,2",11,,,A-1-a,,,100,1579,"0,89","-0,63","0,96",238,,,,Base,USCS: GW.
10.1080/10298436.2025.2532697,RCA,EUA,Triturado,Modelo de Witczak,RCA_9,,,0,"3,1","21,2","8,6",,,A-1-a,,,100,2209,"0,62","-0,11","0,94",303,,,,Base,"Um dos maiores valores de MDD da pesquisa (21,2 kN/m³). USCS: GW."
10.1080/10298436.2025.2532697,RCA,EUA,Triturado,Modelo de Witczak,RCA_10,,,0,"11,6","20,1","10,9",,,A-1-a,,,100,1808,"0,63","-0,13","0,92",238,,,,Base,"Alta quantidade de finos (11,6%). USCS: GM."
10.1080/10298436.2025.2532697,RCA,EUA,Triturado,Modelo de Witczak,RCA_11,,,0,"0,4","20,8","8,2",,,A-1-a,,,100,1619,"0,86","-0,5","0,97",213,,,,Base,"Mistura com menor teor de finos da pesquisa (0,4%). USCS: GP-GM."
10.1080/10298436.2025.2532697,RCA,EUA,Triturado,Modelo de Witczak,RCA_12,,,0,"8,7",21,"9,4",,,A-1-a,,,100,1339,"0,76","-0,12","0,95",200,,,,Base,USCS: GW.
10.1080/10298436.2025.2532697,Agregado Natural (GM),EUA,Natural,Modelo de Witczak,GM_1,,,0,"7,3","22,2","7,8",,,A-1-b,,,100,1562,"0,85","-0,9","0,95",209,,,,Base,Agregado virgem para comparação. USCS: SM.
10.1080/10298436.2025.2532697,Agregado Natural (GM),EUA,Natural,Modelo de Witczak,GM_2,,,0,"4,8","21,7","7,5",,,A-1-a,,,100,1223,"0,91","-0,9","0,96",159,,,,Base,Agregado virgem. USCS: SP.
10.1080/10298436.2025.2532697,Agregado Natural (GM),EUA,Natural,Modelo de Witczak,GM_3,,,0,"6,4","22,3",7,,,A-1-a,,,100,1159,"0,9","-0,72","0,97",161,,,,Base,Agregado virgem. USCS: SP-SM.
10.1080/10298436.2025.2532697,Agregado Natural (GM),EUA,Natural,Modelo de Witczak,GM_4,,,0,"5,9","23,3","5,3",,,A-1-a,,,100,1539,"0,73","-0,62","0,91",239,,,,Base,"Agregado virgem. USCS: SP-SM. Apresentou o maior MDD global do estudo (23,3 kN/m³)."
10.1080/10298436.2025.2532697,Agregado Natural (GM),EUA,Natural,Modelo de Witczak,GM_5,,,0,"16,2","22,4","5,2",,,A-1-b,,,100,1465,"0,86","-0,45","0,94",207,,,,Base,"Agregado virgem. USCS: SM. Possui a maior concentração de finos do estudo (16,2%)."