DOI / Referência,Tipo de Resíduo,Origem / País,"Processamento (triturado, moído, fibra etc,)",Equação de Resilient Modulus,ID da Amostra,LL (%),PL (%),IP (%),Finos (%), MDD (kN/m³),OMC (%),CBR (%),Expansão (%),AASHTO,Tensão de Confinamento (mPa),Tensão Desviadora (mPa),Número de Ciclos de Carga,K1,K2,K3,R²,MR (mPa),Deformação Permanente (μℰ),Deformação Permanente Final (μℰ),DP (%),"Aplicação sugerida (subleito, sub-base, base)",Observações
"10,1061/JPEODX,0000231",RCD,Austrália,Triturado,-,A,19,"17,5","1,5",-,"1,9","13,5",175,-,A-1-a,"0,05","0,15",10000,-,-,-,-,232,1200,4398,"0,4398",Subbase,
"10,1061/JPEODX,0000232",RCD,Austrália,Triturado,-,A,19,"17,5","1,5",-,"1,9","13,5",175,-,A-1-a,"0,05","0,25",10000,-,-,-,-,210,2100,6500,"0,65",Subbase,
"10,1061/JPEODX,0000233",RCD,Austrália,Triturado,-,A,19,"17,5","1,5",-,"1,9","13,5",175,-,A-1-a,"0,05","0,35",10000,-,-,-,-,185,3500,8000,"0,8",Subbase,
"10,1061/JPEODX,0000234",RCD,Austrália,Triturado,-,A,19,"17,5","1,5",-,"1,9","13,5",175,-,A-1-a,"0,05","0,15",10000,-,-,-,-,155,1850,6840,"0,684",Subbase,
"10,1061/JPEODX,0000235",RCD,Austrália,Triturado,-,A,19,"17,5","1,5",-,"1,9","13,5",175,-,A-1-a,"0,05","0,15",10000,-,-,-,-,245,2500,8733,"0,8733",Subbase,
"10,1061/JPEODX,0000236",RCD,Austrália,Triturado,-,A,19,"17,5","1,5",-,"1,9","13,5",175,-,A-1-a,"0,05","0,15",10000,-,-,-,-,256,950,2800,"0,28",Subbase,
"10,1061/JPEODX,0000237",RCD,Austrália,Triturado,-,A,19,"17,5","1,5",-,"1,9","13,5",175,-,A-1-a,"0,05","0,25",10000,-,-,-,-,-,1600,4200,"0,42",Subbase,
"10,1061/JPEODX,0000238",RCD,Austrália,Triturado,-,A,19,"17,5","1,5",-,"1,9","13,5",175,-,A-1-a,"0,05","0,15",10000,-,-,-,-,-,750,2200,"0,22",Subbase,
"10,1061/JPEODX,0000239",RCD,Austrália,Triturado,-,A,19,"17,5","1,5",-,"1,9","13,5",175,-,A-1-a,"0,05","0,25",10000,-,-,-,-,-,1250,3500,"0,35",Subbase,
"10,1061/JPEODX,0000240",RCD,Austrália,Triturado,-,B,0,"28,55",0,-,"1,95","13,2",190,-,A-1-a,"0,05",,-,-,-,-,-,-,-,-,-,Subbase/Base leve,
"10,1061/JPEODX,0000241",RCD,Austrália,Triturado,-,C,0,"26,46",0,-,"1,96","13,2",200,-,A-1-a,"0,05",,-,-,-,-,-,-,-,-,-,Base leve,
"10,1061/JPEODX,0000242",RCD,Austrália,Triturado,-,D,0,"29,71",0,-,"1,91","12,2",190,-,A-1-a,"0,05",,-,-,-,-,-,-,-,-,-,Subbase,
"10,1061/JPEODX,0000243",RCD,Austrália,Triturado,-,E,"28,63","23,94",5,-,"1,97","12,3",190,-,A-1-a,"0,05",,-,-,-,-,-,-,-,-,-,Subbase,
"10,1061/JPEODX,0000244",RCD,Austrália,Triturado,-,F,0,"23,82",0,-,"2,06","11,2",220,-,A-1-a,"0,05",,-,-,-,-,-,-,-,-,-,Base leve,
"10,1061/JPEODX,0000245",RCD,Austrália,Triturado,-,G,0,"23,12",0,-,"2,05","10,8",260,-,A-1-a,"0,05",,-,-,-,-,-,-,-,-,-,Base leve,
"10,1061/JPEODX,0000246",RCD,Austrália,Triturado,-,H,"22,76","20,92",2,-,"1,97","11,2",240,-,A-1-a,"0,05",,-,-,-,-,-,-,-,-,-,Base leve,
"10,1061/JPEODX,0000247",RCD,Austrália,Triturado,-,I,"22,28","17,03",5,-,"2,21","8,8",280,-,A-1-a,"0,05",,-,-,-,-,-,-,-,-,-,Base,
"10,1061/JPEODX,0000248",RCD,Austrália,Triturado,-,J,0,26,0,-,"1,97","12,5",185,-,A-1-a,"0,05",,-,-,-,-,-,-,-,-,-,Subbase,
"10,1061/JPEODX,0000249",RCD,Austrália,Triturado,-,K,"23,24","21,37",2,-,"1,98","11,7",190,-,A-1-a,"0,05",,-,-,-,-,-,-,-,-,-,Subbase,
"10,1061/JPEODX,0000250",RCD,Austrália,Triturado,-,L,0,"30,92",0,-,"2,06","10,5",185,-,A-1-a,"0,05",,-,-,-,-,-,-,-,-,-,Subbase,
"10,1061/JPEODX,0000251",RCD,Austrália,Triturado,-,M,"26,6","8,01",9,-,"1,98",11,205,-,A-2-4,"0,05",,-,-,-,-,-,-,-,-,-,Subbase,
"10,1061/JPEODX,0000252",RCD,Austrália,Triturado,-,N,0,"29,12",0,-,2,"10,4",210,-,A-1-a,"0,05",,-,-,-,-,-,-,-,-,-,Subbase/Base leve,
"10,1080/10298436,2021,1916819",RCD,Turquia,Triturado,-,100 NA,"28,61",101 NA,"7,44",-,-,-,"75,14",-,A-2-4,,,-,-,-,-,-,107,-,-,-,-,
"10,1080/10298436,2021,1916820",RCD,Turquia,Triturado,-,101 NA,"28,61",102 NA,"7,45",-,-,-,"75,14",-,A-2-4,,,-,-,-,-,-,140,-,-,-,-,
"10,1080/10298436,2021,1916821",RCD,Turquia,Triturado,-,102 NA,"28,61",103 NA,"7,46",-,-,-,"75,14",-,A-2-4,,,-,-,-,-,-,208,-,-,-,-,
"10,1080/10298436,2021,1916822",RCD,Turquia,Triturado,-,100 RCA1,"28,71",NP,NP,-,-,-,"133,77",-,A-1-a,,,-,-,-,-,-,107,-,-,-,-,
"10,1080/10298436,2021,1916823",RCD,Turquia,Triturado,-,101 RCA1,"28,71",NP,NP,-,-,-,"133,77",-,A-1-a,,,-,-,-,-,-,140,-,-,-,-,
"10,1080/10298436,2021,1916824",RCD,Turquia,Triturado,-,102 RCA1,"28,71",NP,NP,-,-,-,"133,77",-,A-1-a,,,-,-,-,-,-,208,-,-,-,-,
"10,1080/10298436,2021,1916825",RCD,Turquia,Triturado,-,100 RCA2,"29,68",NP,NP,-,-,-,"129,42",-,A-1-a,,,-,-,-,-,-,107,-,-,-,-,
"10,1080/10298436,2021,1916826",RCD,Turquia,Triturado,-,101 RCA2,"29,68",NP,NP,-,-,-,"129,42",-,A-1-a,,,-,-,-,-,-,140,-,-,-,-,
"10,1080/10298436,2021,1916827",RCD,Turquia,Triturado,-,102 RCA2,"29,68",NP,NP,-,-,-,"129,42",-,A-1-a,,,-,-,-,-,-,208,-,-,-,-,
"10,1080/10298436,2021,1916828",RCD,Turquia,Triturado,-,100 RCA3,"30,72",NP,NP,-,-,-,114,-,A-1-a,,,-,-,-,-,-,107,-,-,-,-,
"10,1080/10298436,2021,1916829",RCD,Turquia,Triturado,-,101 RCA3,"30,72",NP,NP,-,-,-,114,-,A-1-a,,,-,-,-,-,-,140,-,-,-,-,
"10,1080/10298436,2021,1916830",RCD,Turquia,Triturado,-,102 RCA3,"30,72",NP,NP,-,-,-,114,-,A-1-a,,,-,-,-,-,-,208,-,-,-,-,
"10,1080/10298436,2021,1916831",RCD,Turquia,Triturado,-,75NA 25RCA1,"29,7",NP,NP,-,-,-,"85,67",-,Misto,,,-,-,-,-,-,-,-,-,-,-,
"10,1080/10298436,2021,1916832",RCD,Turquia,Triturado,-,75NA 25RCA2,"28,86",NP,NP,-,-,-,"68,45",-,Misto,,,-,-,-,-,-,-,-,-,-,-,
"10,1080/10298436,2021,1916833",RCD,Turquia,Triturado,-,75NA 25RCA3,"28,38",NP,NP,-,-,-,"62,33",-,Misto,,,-,-,-,-,-,-,-,-,-,-,
"10,1080/10298436,2021,1916834",RCD,Turquia,Triturado,-,50NA 50RCA1,"28,08",NP,NP,-,-,-,"55,45",-,Misto,,,-,-,-,-,-,107,-,-,-,-,
"10,1080/10298436,2021,1916835",RCD,Turquia,Triturado,-,50NA 50RCA2,"28,08",NP,NP,-,-,-,"55,45",-,Misto,,,-,-,-,-,-,140,-,-,-,-,
"10,1080/10298436,2021,1916836",RCD,Turquia,Triturado,-,50NA 50RCA3,"28,08",NP,NP,-,-,-,"55,45",-,Misto,,,-,-,-,-,-,208,-,-,-,-,
"10,1080/10298436,2021,1916837",RCD,Turquia,Triturado,-,50NA 50RCA2,"28,98",NP,NP,-,-,-,"45,67",-,Misto,,,-,-,-,-,-,-,-,-,-,-,
"10,1080/10298436,2021,1916838",RCD,Turquia,Triturado,-,50NA 50RCA3,"27,99",NP,NP,-,-,-,"40,23",-,Misto,,,-,-,-,-,-,-,-,-,-,-,
"10,1080/10298436,2021,1916839",RCD,Turquia,Triturado,-,25NA 75RCA1,"27,42",NP,NP,-,-,-,"92,69",-,Misto,,,-,-,-,-,-,107,-,-,-,-,
"10,1080/10298436,2021,1916840",RCD,Turquia,Triturado,-,25NA 75RCA2,"27,42",NP,NP,-,-,-,"92,69",-,Misto,,,-,-,-,-,-,140,-,-,-,-,
"10,1080/10298436,2021,1916841",RCD,Turquia,Triturado,-,25NA 75RCA3,"27,42",NP,NP,-,-,-,"92,69",-,Misto,,,-,-,-,-,-,208,-,-,-,-,
"10,1080/10298436,2021,1916842",RCD,Turquia,Triturado,-,25NA 75RCA2,"28,12",NP,NP,-,-,-,"78,34",-,Misto,,,-,-,-,-,-,-,-,-,-,-,
"10,1080/10298436,2021,1916843",RCD,Turquia,Triturado,-,25NA 75RCA3,"28,49",NP,NP,-,-,-,"65,12",-,Misto,,,-,-,-,-,-,-,-,-,-,-,
https://doi.org/10.1016/j.trgeo.2025.101578,RCD,EUA,Triturado,Modelo de Witczak,RCA_1,-,-,-,-,"18,2","0,0*",-,-,A-1-a,,,-,1542,"0,65","-0,26","0,94",223,-,-,-,-,
https://doi.org/10.1016/j.trgeo.2025.101579,RCD,EUA,Triturado,Modelo de Witczak,RCA_1,-,-,-,-,,,-,-,A-1-a,,,-,1262,"0,75","-0,16","0,9",205,-,-,-,-,
https://doi.org/10.1016/j.trgeo.2025.101580,RCD,EUA,Triturado,Modelo de Witczak,RCA_2,-,-,-,-,21,"9,8",-,-,A-1-a,,,-,2204,"0,6","-0,1","0,94",309,-,-,-,-,
https://doi.org/10.1016/j.trgeo.2025.101581,RCD,EUA,Triturado,Modelo de Witczak,RCA_2,-,-,-,-,,,-,-,A-1-a,,,-,1963,"0,66","-0,11","0,94",326,-,-,-,-,
https://doi.org/10.1016/j.trgeo.2025.101582,RCD,EUA,Triturado,Modelo de Witczak,RCA_3,-,-,-,-,"15,8","0,0*",-,-,A-1-a,,,-,1548,"0,63","-0,26","0,92",161,-,-,-,-,
https://doi.org/10.1016/j.trgeo.2025.101583,RCD,EUA,Triturado,Modelo de Witczak,RCA_3,-,-,-,-,,,-,-,A-1-a,,,-,1533,"0,75","-0,11","0,97",199,-,-,-,-,
https://doi.org/10.1016/j.trgeo.2025.101584,RCD,EUA,Triturado,Modelo de Witczak,RCA_4,-,-,-,-,"20,5","9,3",-,-,A-1-a,,,-,1096,"0,72","-0,18","0,94",169,-,-,-,-,
https://doi.org/10.1016/j.trgeo.2025.101585,RCD,EUA,Triturado,Modelo de Witczak,RCA_4,-,-,-,-,,,-,-,A-1-a,,,-,1700,"0,81","-0,66","0,94",330,-,-,-,-,
https://doi.org/10.1016/j.trgeo.2025.101586,RCD,EUA,Triturado,Modelo de Witczak,RCA_5,-,-,-,-,"21,1","9,4",-,-,A-1-a,,,-,1897,"0,83","-0,66","0,96",268,-,-,-,-,
https://doi.org/10.1016/j.trgeo.2025.101587,RCD,EUA,Triturado,Modelo de Witczak,RCA_5,-,-,-,-,,,-,-,A-1-a,,,-,2617,"0,56","-0,12","0,95",395,-,-,-,-,
https://doi.org/10.1016/j.trgeo.2025.101588,RCD,EUA,Triturado,Modelo de Witczak,RCA_6,-,-,-,-,21,"8,4",-,-,A-1-a,,,-,2101,"0,65","-0,35","0,96",244,-,-,-,-,
https://doi.org/10.1016/j.trgeo.2025.101589,RCD,EUA,Triturado,Modelo de Witczak,RCA_6,-,-,-,-,,,-,-,A-1-a,,,-,2038,"0,65","-0,26","0,88",329,-,-,-,-,
https://doi.org/10.1016/j.trgeo.2025.101590,RCD,EUA,Triturado,Modelo de Witczak,RCA_7,-,-,-,-,"20,5","10,2",-,-,A-1-a,,,-,1825,"0,65","-0,11","0,9",206,-,-,-,-,
https://doi.org/10.1016/j.trgeo.2025.101591,RCD,EUA,Triturado,Modelo de Witczak,RCA_7,-,-,-,-,,,-,-,A-1-a,,,-,1415,"0,87","-0,63","0,97",236,-,-,-,-,
https://doi.org/10.1016/j.trgeo.2025.101592,RCD,EUA,Triturado,Modelo de Witczak,RCA_8,-,-,-,-,"20,2",11,-,-,A-1-a,,,-,1579,"0,89","-0,63","0,96",238,-,-,-,-,
https://doi.org/10.1016/j.trgeo.2025.101593,RCD,EUA,Triturado,Modelo de Witczak,RCA_8,-,-,-,-,,,-,-,A-1-a,,,-,2100,"0,76","-0,45","0,98",407,-,-,-,-,
https://doi.org/10.1016/j.trgeo.2025.101594,RCD,EUA,Triturado,Modelo de Witczak,RCA_9,-,-,-,-,"21,2","8,6",-,-,A-1-a,,,-,2209,"0,62","-0,11","0,94",303,-,-,-,-,
https://doi.org/10.1016/j.trgeo.2025.101595,RCD,EUA,Triturado,Modelo de Witczak,RCA_9,-,-,-,-,,,-,-,A-1-a,,,-,1881,"0,69","-0,14","0,94",303,-,-,-,-,
https://doi.org/10.1016/j.trgeo.2025.101596,RCD,EUA,Triturado,Modelo de Witczak,RCA_10,-,-,-,-,"20,1","10,9",-,-,A-1-a,,,-,1808,"0,63","-0,13","0,92",238,-,-,-,-,
https://doi.org/10.1016/j.trgeo.2025.101597,RCD,EUA,Triturado,Modelo de Witczak,RCA_10,-,-,-,-,,,-,-,A-1-a,,,-,1844,"0,66","-0,48","0,95",240,-,-,-,-,
https://doi.org/10.1016/j.trgeo.2025.101598,RCD,EUA,Triturado,Modelo de Witczak,RCA_11,-,-,-,-,"20,8","8,2",-,-,A-1-a,,,-,1619,"0,86","-0,5","0,97",213,-,-,-,-,
https://doi.org/10.1016/j.trgeo.2025.101599,RCD,EUA,Triturado,Modelo de Witczak,RCA_11,-,-,-,-,,,-,-,A-1-a,,,-,1339,"0,7","-0,08","0,86",216,-,-,-,-,
https://doi.org/10.1016/j.trgeo.2025.101600,RCD,EUA,Triturado,Modelo de Witczak,RCA_12,-,-,-,-,21,"9,4",-,-,A-1-a,,,-,1339,"0,76","-0,12","0,95",200,-,-,-,-,
https://doi.org/10.1016/j.trgeo.2025.101601,RCD,EUA,Triturado,Modelo de Witczak,RCA_12,-,-,-,-,,,-,-,A-1-a,,,-,1361,"1,06","-0,96","0,92",210,-,-,-,-,
https://doi.org/10.1617/s11527-018-1219-7 ,VIDRO,Canadá,Triturado,Mr = -5.3×10⁻⁶×σd¹·⁰⁵×σ₃¹·¹⁵×0.14×%RG + 0.43×θ + 79.06,MG20-100%FL,-,-,-,2,2339,"5,5",-,-,-,"0,103","0,103",1000,-,-,-,-,414,-,-,-,Base,
https://doi.org/10.1617/s11527-018-1219-8,VIDRO,Canadá,Triturado,Mr = -5.3×10⁻⁶×σd¹·⁰⁵×σ₃¹·¹⁵×0.14×%RG + 0.43×θ + 79.07,MG20-25%RG/75%FL,-,-,-,2,2258,"5,9",-,-,-,"0,021","0,021",100,-,-,-,-,83,-,-,-,Base/Sub-base,
https://doi.org/10.1617/s11527-018-1219-9,VIDRO,Canadá,Triturado,Mr = -5.3×10⁻⁶×σd¹·⁰⁵×σ₃¹·¹⁵×0.14×%RG + 0.43×θ + 79.08,MG20-25%RG/75%FL,-,-,-,2,2258,"5,9",-,-,-,"0,021","0,041",100,-,-,-,-,104,-,-,-,Base/Sub-base,
https://doi.org/10.1617/s11527-018-1219-10,VIDRO,Canadá,Triturado,Mr = -5.3×10⁻⁶×σd¹·⁰⁵×σ₃¹·¹⁵×0.14×%RG + 0.43×θ + 79.09,MG20-50%RG/50%FL,-,-,-,"1,9",2213,"6,3",-,-,-,"0,021","0,062",100,-,-,-,-,124,-,-,-,Base/Sub-base,
https://doi.org/10.1617/s11527-018-1219-11,VIDRO,Canadá,Triturado,Mr = -5.3×10⁻⁶×σd¹·⁰⁵×σ₃¹·¹⁵×0.14×%RG + 0.43×θ + 79.10,MG20-50%RG/50%FL,-,-,-,"1,9",2213,"6,3",-,-,-,"0,035","0,035",100,-,-,-,-,138,-,-,-,Base/Sub-base,
https://doi.org/10.1617/s11527-018-1219-12,VIDRO,Canadá,Triturado,Mr = -5.3×10⁻⁶×σd¹·⁰⁵×σ₃¹·¹⁵×0.14×%RG + 0.43×θ + 79.11,MG20-75%RG/25%FL,-,-,-,"1,9",2189,"6,7",-,-,-,"0,035","0,069",100,-,-,-,-,172,-,-,-,Base/Sub-base,
https://doi.org/10.1617/s11527-018-1219-13,VIDRO,Canadá,Triturado,Mr = -5.3×10⁻⁶×σd¹·⁰⁵×σ₃¹·¹⁵×0.14×%RG + 0.43×θ + 79.12,MG20-75%RG/25%FL,-,-,-,"1,9",2189,"6,7",-,-,-,"0,069","0,138",100,-,-,-,-,345,-,-,-,Base/Sub-base,
https://doi.org/10.1617/s11527-018-1219-14,VIDRO,Canadá,Triturado,Mr = -5.3×10⁻⁶×σd¹·⁰⁵×σ₃¹·¹⁵×0.14×%RG + 0.43×θ + 79.13,MG20-100%RG,-,-,-,"1,9",2131,"6,4",-,-,-,"0,069","0,207",100,-,-,-,-,414,-,-,-,Sub-base,
https://doi.org/10.1617/s11527-018-1219-15,VIDRO,Canadá,Triturado,Mr = -5.3×10⁻⁶×σd¹·⁰⁵×σ₃¹·¹⁵×0.14×%RG + 0.43×θ + 79.14,RG 100%,-,-,-,4,1886,"10,8",-,-,-,,,-,-,-,-,-,-,-,-,-,Sub-base,
https://doi.org/10.1617/s11527-018-1219-16,VIDRO,Canadá,Triturado,Mr = -5.3×10⁻⁶×σd¹·⁰⁵×σ₃¹·¹⁵×0.14×%RG + 0.43×θ + 79.15,MG20-100%FL,-,-,-,2,2339,"5,5",-,-,-,"0,103","0,103",100,-,-,-,-,414,-,-,-,Base,
https://doi.org/10.1617/s11527-018-1219-17,VIDRO,Canadá,Triturado,Mr = -5.3×10⁻⁶×σd¹·⁰⁵×σ₃¹·¹⁵×0.14×%RG + 0.43×θ + 79.16,MG20-25%RG/75%FL,-,-,-,2,2258,"5,9",-,-,-,"0,103","0,103",100,-,-,-,-,414,-,-,-,Base/Sub-base,
https://doi.org/10.1617/s11527-018-1219-18,VIDRO,Canadá,Triturado,Mr = -5.3×10⁻⁶×σd¹·⁰⁵×σ₃¹·¹⁵×0.14×%RG + 0.43×θ + 79.17,MG20-100%RG,-,-,-,"1,9",2131,"6,4",-,-,-,"0,138","0,276",100,-,-,-,-,690,-,-,-,Sub-base,
http://dx.doi.org/10.1061/(ASCE)MT.1943-5533.0000850,RAP,Austrália,Triturado,-,100RAP,-,-,-,"3,4",2,"8,1","32,5",-,-,"0,05",,-,-,-,-,-,-,-,-,-,-,
http://dx.doi.org/10.1061/(ASCE)MT.1943-5533.0000851,RAP,Austrália,Triturado,-,50RAP/50RCA,-,-,-,"1,7","2,3","11,5",39,-,-,"0,05",,-,-,-,-,-,-,-,-,-,-,
http://dx.doi.org/10.1061/(ASCE)MT.1943-5533.0000852,RAP,Austrália,Triturado,-,30RAP/70RCA,-,-,-,"3,2","1,94",12,46,-,-,"0,05",,-,-,-,-,-,-,-,-,-,-,
http://dx.doi.org/10.1061/(ASCE)MT.1943-5533.0000853,RAP,Austrália,Triturado,-,15RAP/85RCA,-,-,-,0,"1,95","12,2",66,-,-,"0,05","0,15",Multiplos,-,-,-,-,232,-,8866,"0,8866",-,
http://dx.doi.org/10.1061/(ASCE)MT.1943-5533.0000854,RAP,Austrália,Triturado,-,15RAP/85RCA,-,-,-,0,"1,95","12,2",66,-,-,"0,05","0,25",Multiplos,-,-,-,-,412-728,-,1972-3298,"0,1972 - 0,3298",-,
http://dx.doi.org/10.1061/(ASCE)MT.1943-5533.0000855,RAP,Austrália,Triturado,-,15RAP/85RCA,-,-,-,0,"1,95","12,2",66,-,-,"0,05","0,35",Multiplos,-,-,-,-,587-928,-,878-1823,"0,0878 - 0,1823",-,
http://dx.doi.org/10.1061/(ASCE)MT.1943-5533.0000856,RAP,Austrália,Triturado,-,100RCA,-,-,-,"3,6","1,96",12,118,-,-,"0,05","0,15",Multiplos,-,-,-,-,342-357,-,2426-5669,"0,2426 - 0,5669",-,
http://dx.doi.org/10.1061/(ASCE)MT.1943-5533.0000857,RAP,Austrália,Triturado,-,100RCA,-,-,-,"3,6","1,96",12,118,-,-,"0,05","0,25",Multiplos,-,-,-,-,660-713,-,1585-2956,"0,1585 - 0,2956",-,
http://dx.doi.org/10.1061/(ASCE)MT.1943-5533.0000858,RAP,Austrália,Triturado,-,100RCA,-,-,-,"3,6","1,96",12,118,-,-,"0,05","0,35",Multiplos,-,-,-,-,695-716,-,1585-2532,"0,1585 - 0,2532",-,
10.34910/MCE.115.5,NATURAL,Indonésia,Triturado,"SMix=1140,587⋅Sbit+65,286⋅VIM+0,798⋅RAP+0,555⋅slag−122,603",C0 (35 °C),-,-,-,-,"G_graúdo: 2,642<br>G_miúdo: 2,614",-,-,-,-,,,-,-,-,-,"0,825","682,5",-,-,-,Base e Revestimento (AC-BC),Ligante Pen 60/70; MDD indisponível (G como proxy)
10.34910/MCE.115.6,NATURAL,Indonésia,Triturado,"SMix=1140,587⋅Sbit+65,286⋅VIM+0,798⋅RAP+0,555⋅slag−122,603",C0 (45 °C),-,-,-,-,"G_graúdo: 2,642<br>G_miúdo: 2,614",-,-,-,-,,,-,-,-,-,"0,825",284,-,-,-,Base e Revestimento (AC-BC),Ligante Pen 60/70; MDD indisponível (G como proxy)
10.34910/MCE.115.7,EAF,Indonésia,Triturado,"SMix=1140,587⋅Sbit+65,286⋅VIM+0,798⋅RAP+0,555⋅slag−122,603",CS1 (35 °C),-,-,-,-,"G_graúdo: 2,727<br>G_miúdo: 2,661",-,-,-,-,,,-,-,-,-,"0,825","697,5",-,-,-,Base e Revestimento (AC-BC),Ligante Pen 60/70; G calculado (90% Nat + 10% EAF)
10.34910/MCE.115.8,EAF,Indonésia,Triturado,"SMix=1140,587⋅Sbit+65,286⋅VIM+0,798⋅RAP+0,555⋅slag−122,603",CS1 (45 °C),-,-,-,-,"G_graúdo: 2,727<br>G_miúdo: 2,661",-,-,-,-,,,-,-,-,-,"0,825","293,5",-,-,-,Base e Revestimento (AC-BC),Ligante Pen 60/70; G calculado (90% Nat + 10% EAF)
10.34910/MCE.115.9,EAF,Indonésia,Triturado,"SMix=1140,587⋅Sbit+65,286⋅VIM+0,798⋅RAP+0,555⋅slag−122,603",CS2 (35 °C),-,-,-,-,"G_graúdo: 2,811<br>G_miúdo: 2,708",-,-,-,-,,,-,-,-,-,"0,825","1057,5",-,-,-,Base e Revestimento (AC-BC),Ligante Pen 60/70; G calculado (80% Nat + 20% EAF)
10.34910/MCE.115.10,EAF,Indonésia,Triturado,"SMix=1140,587⋅Sbit+65,286⋅VIM+0,798⋅RAP+0,555⋅slag−122,603",CS2 (45 °C),-,-,-,-,"G_graúdo: 2,811<br>G_miúdo: 2,708",-,-,-,-,,,-,-,-,-,"0,825",294,-,-,-,Base e Revestimento (AC-BC),Ligante Pen 60/70; G calculado (80% Nat + 20% EAF)
10.34910/MCE.115.11,EAF,Indonésia,Triturado,"SMix=1140,587⋅Sbit+65,286⋅VIM+0,798⋅RAP+0,555⋅slag−122,603",CS3 (35 °C),-,-,-,-,"G_graúdo: 2,896<br>G_miúdo: 2,756",-,-,-,-,,,-,-,-,-,"0,825",843,-,-,-,Base e Revestimento (AC-BC),Ligante Pen 60/70; G calculado (70% Nat + 30% EAF)
10.34910/MCE.115.12,EAF,Indonésia,Triturado,"SMix=1140,587⋅Sbit+65,286⋅VIM+0,798⋅RAP+0,555⋅slag−122,603",CS3 (45 °C),-,-,-,-,"G_graúdo: 2,896<br>G_miúdo: 2,756",-,-,-,-,,,-,-,-,-,"0,825","293,5",-,-,-,Base e Revestimento (AC-BC),Ligante Pen 60/70; G calculado (70% Nat + 30% EAF)
10.34910/MCE.115.13,RAP,Indonésia,Fresa,"SMix=1140,587⋅Sbit+65,286⋅VIM+0,798⋅RAP+0,555⋅slag−122,603",CR1 (35 °C),-,-,-,-,"G_graúdo: 2,627<br>G_miúdo: 2,597",-,-,-,-,,,-,-,-,-,"0,825","738,5",-,-,-,Base e Revestimento (AC-BC),Reclamite (23%); G calculado (90% Nat + 10% RAP)
10.34910/MCE.115.14,RAP,Indonésia,Fresa,"SMix=1140,587⋅Sbit+65,286⋅VIM+0,798⋅RAP+0,555⋅slag−122,603",CR1 (45 °C),-,-,-,-,"G_graúdo: 2,627<br>G_miúdo: 2,597",-,-,-,-,,,-,-,-,-,"0,825","275,5",-,-,-,Base e Revestimento (AC-BC),Reclamite (23%); G calculado (90% Nat + 10% RAP)
10.34910/MCE.115.15,RAP,Indonésia,Fresa,"SMix=1140,587⋅Sbit+65,286⋅VIM+0,798⋅RAP+0,555⋅slag−122,603",CR2 (35 °C),-,-,-,-,"G_graúdo: 2,613<br>G_miúdo: 2,580",-,-,-,-,,,-,-,-,-,"0,825","1027,5",-,-,-,Base e Revestimento (AC-BC),Reclamite (23%); G calculado (80% Nat + 20% RAP)
10.34910/MCE.115.16,RAP,Indonésia,Fresa,"SMix=1140,587⋅Sbit+65,286⋅VIM+0,798⋅RAP+0,555⋅slag−122,603",CR2 (45 °C),-,-,-,-,"G_graúdo: 2,613<br>G_miúdo: 2,580",-,-,-,-,,,-,-,-,-,"0,825",363,-,-,-,Base e Revestimento (AC-BC),Reclamite (23%); G calculado (80% Nat + 20% RAP)
10.34910/MCE.115.17,RAP,Indonésia,Fresa,"SMix=1140,587⋅Sbit+65,286⋅VIM+0,798⋅RAP+0,555⋅slag−122,603",CR3 (35 °C),-,-,-,-,"G_graúdo: 2,598<br>G_miúdo: 2,562",-,-,-,-,,,-,-,-,-,"0,825",1231,-,-,-,Base e Revestimento (AC-BC),Reclamite (23%); G calculado (70% Nat + 30% RAP)
10.34910/MCE.115.18,RAP,Indonésia,Fresa,"SMix=1140,587⋅Sbit+65,286⋅VIM+0,798⋅RAP+0,555⋅slag−122,603",CR3 (45 °C),-,-,-,-,"G_graúdo: 2,598<br>G_miúdo: 2,562",-,-,-,-,,,-,-,-,-,"0,825","452,5",-,-,-,Base e Revestimento (AC-BC),Reclamite (23%); G calculado (70% Nat + 30% RAP)
10.34910/MCE.115.19,RAP,Indonésia,Fresa e Triturado,"SMix=1140,587⋅Sbit+65,286⋅VIM+0,798⋅RAP+0,555⋅slag−122,603",CR1S1 (35 °C),-,-,-,-,"G_graúdo: 2,712<br>G_miúdo: 2,644",-,-,-,-,,,-,-,-,-,"0,825","729,5",-,-,-,Base e Revestimento (AC-BC),Reclamite (23%); Blend: 80%N/10%R/10%S
10.34910/MCE.115.20,RAP,Indonésia,Fresa e Triturado,"SMix=1140,587⋅Sbit+65,286⋅VIM+0,798⋅RAP+0,555⋅slag−122,603",CR1S1 (45 °C),-,-,-,-,"G_graúdo: 2,712<br>G_miúdo: 2,644",-,-,-,-,,,-,-,-,-,"0,825",261,-,-,-,Base e Revestimento (AC-BC),Reclamite (23%); Blend: 80%N/10%R/10%S
10.34910/MCE.115.21,RAP,Indonésia,Fresa e Triturado,"SMix=1140,587⋅Sbit+65,286⋅VIM+0,798⋅RAP+0,555⋅slag−122,603",CR1S2 (35 °C),-,-,-,-,"G_graúdo: 2,797<br>G_miúdo: 2,691",-,-,-,-,,,-,-,-,-,"0,825",775,-,-,-,Base e Revestimento (AC-BC),Reclamite (23%); Blend: 70%N/10%R/20%S
10.34910/MCE.115.22,RAP,Indonésia,Fresa e Triturado,"SMix=1140,587⋅Sbit+65,286⋅VIM+0,798⋅RAP+0,555⋅slag−122,603",CR1S2 (45 °C),-,-,-,-,"G_graúdo: 2,797<br>G_miúdo: 2,691",-,-,-,-,,,-,-,-,-,"0,825","289,5",-,-,-,Base e Revestimento (AC-BC),Reclamite (23%); Blend: 70%N/10%R/20%S
10.34910/MCE.115.23,RAP,Indonésia,Fresa e Triturado,"SMix=1140,587⋅Sbit+65,286⋅VIM+0,798⋅RAP+0,555⋅slag−122,603",CR1S3 (35 °C),-,-,-,-,"G_graúdo: 2,881<br>G_miúdo: 2,738",-,-,-,-,,,-,-,-,-,"0,825","781,5",-,-,-,Base e Revestimento (AC-BC),Reclamite (23%); Blend: 60%N/10%R/30%S
10.34910/MCE.115.24,RAP,Indonésia,Fresa e Triturado,"SMix=1140,587⋅Sbit+65,286⋅VIM+0,798⋅RAP+0,555⋅slag−122,603",CR1S3 (45 °C),-,-,-,-,"G_graúdo: 2,881<br>G_miúdo: 2,738",-,-,-,-,,,-,-,-,-,"0,825","316,5",-,-,-,Base e Revestimento (AC-BC),Reclamite (23%); Blend: 60%N/10%R/30%S
10.34910/MCE.115.25,RAP,Indonésia,Fresa e Triturado,"SMix=1140,587⋅Sbit+65,286⋅VIM+0,798⋅RAP+0,555⋅slag−122,603",CR2S1 (35 °C),-,-,-,-,"G_graúdo: 2,698<br>G_miúdo: 2,627",-,-,-,-,,,-,-,-,-,"0,825",838,-,-,-,Base e Revestimento (AC-BC),Reclamite (23%); Blend: 70%N/20%R/10%S
10.34910/MCE.115.26,RAP,Indonésia,Fresa e Triturado,"SMix=1140,587⋅Sbit+65,286⋅VIM+0,798⋅RAP+0,555⋅slag−122,603",CR2S1 (45 °C),-,-,-,-,"G_graúdo: 2,698<br>G_miúdo: 2,627",-,-,-,-,,,-,-,-,-,"0,825",357,-,-,-,Base e Revestimento (AC-BC),Reclamite (23%); Blend: 70%N/20%R/10%S
10.34910/MCE.115.27,RAP,Indonésia,Fresa e Triturado,"SMix=1140,587⋅Sbit+65,286⋅VIM+0,798⋅RAP+0,555⋅slag−122,603",CR2S2 (35 °C),-,-,-,-,"G_graúdo: 2,782<br>G_miúdo: 2,674",-,-,-,-,,,-,-,-,-,"0,825","901,5",-,-,-,Base e Revestimento (AC-BC),Reclamite (23%); Blend: 60%N/20%R/20%S
10.34910/MCE.115.28,RAP,Indonésia,Fresa e Triturado,"SMix=1140,587⋅Sbit+65,286⋅VIM+0,798⋅RAP+0,555⋅slag−122,603",CR2S2 (45 °C),-,-,-,-,"G_graúdo: 2,782<br>G_miúdo: 2,674",-,-,-,-,,,-,-,-,-,"0,825","289,5",-,-,-,Base e Revestimento (AC-BC),Reclamite (23%); Blend: 60%N/20%R/20%S
10.34910/MCE.115.29,RAP,Indonésia,Fresa e Triturado,"SMix=1140,587⋅Sbit+65,286⋅VIM+0,798⋅RAP+0,555⋅slag−122,603",CR2S3 (35 °C),-,-,-,-,"G_graúdo: 2,867<br>G_miúdo: 2,721",-,-,-,-,,,-,-,-,-,"0,825","852,5",-,-,-,Base e Revestimento (AC-BC),Reclamite (23%); Blend: 50%N/20%R/30%S
10.34910/MCE.115.30,RAP,Indonésia,Fresa e Triturado,"SMix=1140,587⋅Sbit+65,286⋅VIM+0,798⋅RAP+0,555⋅slag−122,603",CR2S3 (45 °C),-,-,-,-,"G_graúdo: 2,867<br>G_miúdo: 2,721",-,-,-,-,,,-,-,-,-,"0,825",274,-,-,-,Base e Revestimento (AC-BC),Reclamite (23%); Blend: 50%N/20%R/30%S
10.34910/MCE.115.31,RAP,Indonésia,Fresa e Triturado,"SMix=1140,587⋅Sbit+65,286⋅VIM+0,798⋅RAP+0,555⋅slag−122,603",CR3S1 (35 °C),-,-,-,-,"G_graúdo: 2,683<br>G_miúdo: 2,610",-,-,-,-,,,-,-,-,-,"0,825","1081,5",-,-,-,Base e Revestimento (AC-BC),Reclamite (23%); Blend: 60%N/30%R/10%S
10.34910/MCE.115.32,RAP,Indonésia,Fresa e Triturado,"SMix=1140,587⋅Sbit+65,286⋅VIM+0,798⋅RAP+0,555⋅slag−122,603",CR3S1 (45 °C),-,-,-,-,"G_graúdo: 2,683<br>G_miúdo: 2,610",-,-,-,-,,,-,-,-,-,"0,825","364,5",-,-,-,Base e Revestimento (AC-BC),Reclamite (23%); Blend: 60%N/30%R/10%S
10.34910/MCE.115.33,RAP,Indonésia,Fresa e Triturado,"SMix=1140,587⋅Sbit+65,286⋅VIM+0,798⋅RAP+0,555⋅slag−122,603",CR3S2 (35 °C),-,-,-,-,"G_graúdo: 2,768<br>G_miúdo: 2,657",-,-,-,-,,,-,-,-,-,"0,825",778,-,-,-,Base e Revestimento (AC-BC),Reclamite (23%); Blend: 50%N/30%R/20%S
10.34910/MCE.115.34,RAP,Indonésia,Fresa e Triturado,"SMix=1140,587⋅Sbit+65,286⋅VIM+0,798⋅RAP+0,555⋅slag−122,603",CR3S2 (45 °C),-,-,-,-,"G_graúdo: 2,768<br>G_miúdo: 2,657",-,-,-,-,,,-,-,-,-,"0,825","329,5",-,-,-,Base e Revestimento (AC-BC),Reclamite (23%); Blend: 50%N/30%R/20%S
10.34910/MCE.115.35,RAP,Indonésia,Fresa e Triturado,"SMix=1140,587⋅Sbit+65,286⋅VIM+0,798⋅RAP+0,555⋅slag−122,603",CR3S3 (35 °C),-,-,-,-,"G_graúdo: 2,852<br>G_miúdo: 2,704",-,-,-,-,,,-,-,-,-,"0,825","857,5",-,-,-,Base e Revestimento (AC-BC),Reclamite (23%); Blend: 40%N/30%R/30%S
10.34910/MCE.115.36,RAP,Indonésia,Fresa e Triturado,"SMix=1140,587⋅Sbit+65,286⋅VIM+0,798⋅RAP+0,555⋅slag−122,603",CR3S3 (45 °C),-,-,-,-,"G_graúdo: 2,852<br>G_miúdo: 2,704",-,-,-,-,,,-,-,-,-,"0,825","341,5",-,-,-,Base e Revestimento (AC-BC),Reclamite (23%); Blend: 40%N/30%R/30%S
10.1061/(ASCE)MT.1943-5533.0001619,EAF,Índia,Triturado e Pó,Mr/Pa = k1 * (σ3/Pa)^k2 * (σd/Pa)^k3,95S-5F-5D,-,-,-,"7,19",46164,10,-,-,-,"0,0345","0,0931",10,913,123,557,992,"80,5",-,"489,3","0,0489",Base de pavimentos flexíveis,Cura: 28 dias
10.1061/(ASCE)MT.1943-5533.0001620,EAF,Índia,Triturado e Pó,Mr/Pa = k1 * (σ3/Pa)^k2 * (σd/Pa)^k3,95S-5F-10D,-,-,-,"7,86",46075,46152,-,-,-,"0,0345","0,0931",10,1010,107,550,992,"88,3",-,"385,7","0,0385",Base de pavimentos flexíveis,Cura: 28 dias
10.1061/(ASCE)MT.1943-5533.0001621,EAF,Índia,Triturado e Pó,Mr/Pa = k1 * (σ3/Pa)^k2 * (σd/Pa)^k3,95S-5F-15D,-,-,-,"8,48",46255,46064,-,-,-,"0,0345","0,0931",10,1100,125,479,992,"95,1",-,"299,9","0,0299",Base de pavimentos flexíveis,Cura: 28 dias
10.1061/(ASCE)MT.1943-5533.0001622,EAF,Índia,Triturado e Pó,Mr/Pa = k1 * (σ3/Pa)^k2 * (σd/Pa)^k3,95S-5F-20D,-,-,-,46121,46163,46245,-,-,-,"0,0345","0,0931",10,1146,114,460,992,"101,8",-,"172,3","0,0172",Base de pavimentos flexíveis,Cura: 28 dias
10.1061/(ASCE)MT.1943-5533.0001623,EAF,Índia,Triturado e Pó,Mr/Pa = k1 * (σ3/Pa)^k2 * (σd/Pa)^k3,85S-15F-5D,-,-,-,"15,67",46254,46153,-,-,-,"0,0345","0,0931",10,1036,150,539,992,"92,4",-,"252,4","0,0252",Base de pavimentos flexíveis,Cura: 28 dias
10.1061/(ASCE)MT.1943-5533.0001624,EAF,Índia,Triturado e Pó,Mr/Pa = k1 * (σ3/Pa)^k2 * (σd/Pa)^k3,85S-15F-10D,-,-,-,"15,95",46132,12,-,-,-,"0,0345","0,0931",10,1117,132,528,992,"99,8",-,"239,2","0,0239",Base de pavimentos flexíveis,Cura: 28 dias
10.1061/(ASCE)MT.1943-5533.0001625,EAF,Índia,Triturado e Pó,Mr/Pa = k1 * (σ3/Pa)^k2 * (σd/Pa)^k3,85S-15F-15D,-,-,-,"16,22",46042,46185,-,-,-,"0,0345","0,0931",10,1206,134,495,992,"107,5",-,"192,6","0,0192",Base de pavimentos flexíveis,Cura: 28 dias
10.1061/(ASCE)MT.1943-5533.0001626,EAF,Índia,Triturado e Pó,Mr/Pa = k1 * (σ3/Pa)^k2 * (σd/Pa)^k3,85S-15F-20D,-,-,-,"16,46",46253,46066,-,-,-,"0,0345","0,0931",10,1244,109,493,992,"114,6",-,"148,6","0,0148",Base de pavimentos flexíveis,Cura: 28 dias
10.1061/(ASCE)MT.1943-5533.0001627,EAF,Índia,Triturado e Pó,Mr/Pa = k1 * (σ3/Pa)^k2 * (σd/Pa)^k3,80S-20F-15D,-,-,-,46285,46192,46277,-,-,-,"0,0345","0,0931",10,-,-,-,992,"113,2",-,135,"0,0135",Base de pavimentos flexíveis,Categorizada como SW; Cura: 28 d
10.1061/(ASCE)MT.1943-5533.0001628,EAF,Índia,Triturado e Pó,Mr/Pa = k1 * (σ3/Pa)^k2 * (σd/Pa)^k3,75S-25F-0D,-,-,-,"24,25",46162,46064,-,-,-,"0,0345","0,0931",10,-,-,-,-,72,-,910,"0,091",Base de pavimentos flexíveis,Baseline (0% Dolime)
10.1061/(ASCE)MT.1943-5533.0001629,EAF,Índia,Triturado e Pó,Mr/Pa = k1 * (σ3/Pa)^k2 * (σd/Pa)^k3,75S-25F-5D,-,-,-,"24,14",46253,12,-,-,-,"0,0345","0,0931",10,1106,98,442,992,"104,8",-,"235,8","0,0235",Base de pavimentos flexíveis,Cura: 28 dias
10.1061/(ASCE)MT.1943-5533.0001630,EAF,Índia,Triturado e Pó,Mr/Pa = k1 * (σ3/Pa)^k2 * (σd/Pa)^k3,75S-25F-10D,-,-,-,46166,46161,46246,-,-,-,"0,0345","0,0931",10,1211,113,454,992,"108,2",-,"179,2","0,0179",Base de pavimentos flexíveis,Cura: 28 dias
10.1061/(ASCE)MT.1943-5533.0001631,EAF,Índia,Triturado e Pó,Mr/Pa = k1 * (σ3/Pa)^k2 * (σd/Pa)^k3,75S-25F-15D,-,-,-,"23,96",46100,46155,-,"< 0,5%",-,"0,0345","0,0931",10,1299,102,454,992,"113,5",-,"127,5","0,0127",Base de pavimentos flexíveis,Mistura Ótima; Cura: 28 dias
10.1061/(ASCE)MT.1943-5533.0001632,EAF,Índia,Triturado e Pó,Mr/Pa = k1 * (σ3/Pa)^k2 * (σd/Pa)^k3,75S-25F-20D,-,-,-,"23,88",19,46067,-,-,-,"0,0345","0,0931",10,1359,97,445,992,"115,2",-,"64,6","0,0064",Base de pavimentos flexíveis,Cura: 28 dias
10.1061/(ASCE)MT.1943-5533.0001633,EAF,Índia,Triturado e Pó,Mr/Pa = k1 * (σ3/Pa)^k2 * (σd/Pa)^k3,65S-35F-5D,-,-,-,"32,62",46071,46155,-,-,-,"0,0345","0,0931",10,602,79,400,992,"54,1",-,"804,4","0,0804",Base de pavimentos flexíveis,Cura: 28 dias
10.1061/(ASCE)MT.1943-5533.0001634,EAF,Índia,Triturado e Pó,Mr/Pa = k1 * (σ3/Pa)^k2 * (σd/Pa)^k3,65S-35F-10D,-,-,-,"32,14",46251,46126,-,-,-,"0,0345","0,0931",10,912,86,416,992,"80,4",-,"710,7","0,071",Base de pavimentos flexíveis,Cura: 28 dias
10.1061/(ASCE)MT.1943-5533.0001635,EAF,Índia,Triturado e Pó,Mr/Pa = k1 * (σ3/Pa)^k2 * (σd/Pa)^k3,65S-35F-15D,-,-,-,"31,7",46129,46068,-,-,-,"0,0345","0,0931",10,1014,87,427,992,"90,2",-,528,"0,0528",Base de pavimentos flexíveis,Cura: 28 dias
10.1061/(ASCE)MT.1943-5533.0001636,EAF,Índia,Triturado e Pó,Mr/Pa = k1 * (σ3/Pa)^k2 * (σd/Pa)^k3,65S-35F-20D,-,-,-,"31,29",17,16,-,-,-,"0,0345","0,0931",10,1090,84,387,992,"98,4",-,"480,7","0,048",Base de pavimentos flexíveis,Cura: 28 dias
10.1061/(ASCE)MT.1943-5533.0001637,EAF,Índia,Triturado e Pó,Mr/Pa = k1 * (σ3/Pa)^k2 * (σd/Pa)^k3,75S-25F-15D (0d),-,-,-,"23,96",46100,46155,-,-,-,"0,0345","0,0931",10,1048,110,507,992,"75,2",-,"815,1","0,0815",Base de pavimentos flexíveis,Cura: 0 dias
10.1061/(ASCE)MT.1943-5533.0001638,EAF,Índia,Triturado e Pó,Mr/Pa = k1 * (σ3/Pa)^k2 * (σd/Pa)^k3,75S-25F-15D (7d),-,-,-,"23,96",46100,46155,-,"< 0,5%",-,"0,0345","0,0931",10,1166,111,479,992,"90,1",-,"450,3","0,045",Base de pavimentos flexíveis,Cura: 7 dias
10.1061/(ASCE)MT.1943-5533.0001639,EAF,Índia,Triturado e Pó,Mr/Pa = k1 * (σ3/Pa)^k2 * (σd/Pa)^k3,75S-25F-15D (14d),-,-,-,"23,96",46100,46155,-,-,-,"0,0345","0,0931",10,1242,105,472,992,"102,4",-,"257,3","0,0257",Base de pavimentos flexíveis,Cura: 14 dias
10.1007/s40996-025-01765-x,EAF,Índia,Triturado,-,Mix-SR,-,-,-,-,"3,12","1,86",-,-,-,,,10 Hz,-,-,-,-,3160,-,-,-,Revestimento,"OBC: 5,78%; Estabilidade: 19,12 kN; Ligante PG 76-XX"
10.1007/s40996-025-01765-x,EAF,Índia,Triturado,-,Mix-SN,-,-,-,-,"3,12","1,86",-,-,-,,,10 Hz,-,-,-,-,2984,-,-,-,Revestimento,"OBC: 5,66%; Estabilidade: 17,37 kN; Ligante PG 76-XX"
10.1007/s40996-025-01765-x,EAF,Índia,Triturado,-,Mix-C,-,-,-,-,"2,87","0,54",-,-,-,,,10 Hz,-,-,-,-,2850,-,-,-,Revestimento,"OBC: 5,53%; Estabilidade: 15,88 kN; Ligante PG 76-XX"
10.1007/s40996-025-01765-x,RCD,Índia,Triturado,-,Mix-D,-,-,-,-,"2,87","0,54",-,-,-,,,10 Hz,-,-,-,-,2710,-,-,-,Revestimento,"OBC: 5,55%; Estabilidade: 14,27 kN; Ligante PG 76-XX"
10.1007/s40996-025-01765-x,RCD,Índia,Triturado,-,Mix-RS,-,-,-,-,"2,64","1,65",-,-,-,,,10 Hz,-,-,-,-,2425,-,-,-,Revestimento,"OBC: 5,82%; Estabilidade: 11,64 kN; Ligante PG 76-XX"
10.1007/s40996-025-01765-x,RCD,Índia,Triturado,-,Mix-RN,-,-,-,-,"2,64","1,65",-,-,-,,,10 Hz,-,-,-,-,2210,-,-,-,Revestimento,"OBC: 5,74%; Estabilidade: 10,75 kN; Ligante PG 76-XX"
10.1007/s40996-025-01765-x,NATURAL,Índia,Triturado,-,Mix-N,-,-,-,-,"2,87","0,54",-,-,-,,,10 Hz,-,-,-,-,2615,-,-,-,Revestimento,"OBC: 5,48%; Estabilidade: 12,26 kN; Controle (NA)"
10.3390/su162310211,IMW,Brasil,Subproduto de flotação de minério de ferro,Modelo Composto (RM = k1 * σ3^k2 * σd^k3),PRS (Baixa),"40,4",NP,NP,~35%,"16,61","20,5",-,"6,1",A-7-6,"0,02","0,02",3300,"24,69","0,185","-0,763","0,97",230,-,-,-,Não recomendado,Expansividade crítica por anidrita e haloísita 10Å.
10.3390/su162310212,IMW,Brasil,Subproduto de flotação de minério de ferro,Modelo Composto (RM = k1 * σ3^k2 * σd^k3),PRS (Média),"40,4",NP,NP,~35%,"16,61","20,5",-,"6,1",A-7-6,"0,07","0,14",3300,"24,69","0,185","-0,763","0,97",50,-,-,-,Não recomendado,Solo residual filítico; baixa rigidez sob tráfego.
10.3390/su162310213,IMW,Brasil,Subproduto de flotação de minério de ferro,Modelo Composto (RM = k1 * σ3^k2 * σd^k3),PRS (Alta),"40,4",NP,NP,~35%,"16,61","20,5",-,"6,1",A-7-6,"0,105","0,275",3300,"24,69","0,185","-0,763","0,97",46,-,-,-,Não recomendado,Módulo resiliente medido a 275 kPa (tensão máxima).
10.3390/su162310214,IMW,Brasil,Subproduto de flotação de minério de ferro,Modelo Composto (RM = k1 * σ3^k2 * σd^k3),PRS80/IMW20 (Baixa),NL,NP,NP,~32%,"17,34","19,2",-,"3,9",A-4,"0,02","0,02",3300,"59,34","0,306","-0,716","0,939",290,-,-,-,Reforço de subleito,Redução de expansão inicial via adição de IMW.
10.3390/su162310215,IMW,Brasil,Subproduto de flotação de minério de ferro,Modelo Composto (RM = k1 * σ3^k2 * σd^k3),PRS80/IMW20 (Média),NL,NP,NP,~32%,"17,34","19,2",-,"3,9",A-4,"0,07","0,14",3300,"59,34","0,306","-0,716","0,939",82,-,-,-,Reforço de subleito,Sensibilidade à tensão de confinamento aumentada.
10.3390/su162310216,IMW,Brasil,Subproduto de flotação de minério de ferro,Modelo Composto (RM = k1 * σ3^k2 * σd^k3),PRS80/IMW20 (Alta),NL,NP,NP,~32%,"17,34","19,2",-,"3,9",A-4,"0,14","0,42",3300,"59,34","0,306","-0,716","0,939",61,-,-,-,Reforço de subleito,Comportamento siltoso (AASHTO A-4).
10.3390/su162310217,IMW,Brasil,Subproduto de flotação de minério de ferro,Modelo Composto (RM = k1 * σ3^k2 * σd^k3),PRS60/IMW40 (Baixa),NL,NP,NP,~30%,"18,39","14,7",-,"2,4",A-4,"0,02","0,02",3300,"63,95","0,214","-0,567","0,756",250,-,-,-,Sub-base / Reforço,Melhor densificação estrutural com 40% de IMW.
10.3390/su162310218,IMW,Brasil,Subproduto de flotação de minério de ferro,Modelo Composto (RM = k1 * σ3^k2 * σd^k3),PRS60/IMW40 (Média),NL,NP,NP,~30%,"18,39","14,7",-,"2,4",A-4,"0,07","0,14",3300,"63,95","0,214","-0,567","0,756",88,-,-,-,Sub-base / Reforço,Estabilidade granulométrica superior ao PRS puro.
10.3390/su162310219,IMW,Brasil,Subproduto de flotação de minério de ferro,Modelo Composto (RM = k1 * σ3^k2 * σd^k3),PRS60/IMW40 (Alta),NL,NP,NP,~30%,"18,39","14,7",-,"2,4",A-4,"0,14","0,42",3300,"63,95","0,214","-0,567","0,756",69,-,-,-,Sub-base / Reforço,Incremento de K1 reflete ganho de rigidez inicial.
10.3390/su162310220,IMW,Brasil,Subproduto de flotação de minério de ferro,Modelo Composto (RM = k1 * σ3^k2 * σd^k3),PRS50/IMW50 (Baixa),NL,NP,NP,~28%,"18,93","14,2",-,1,A-4,"0,02","0,02",3300,"94,36","0,259","-0,557","0,734",298,-,-,-,Reforço de subleito / Sub-base,Redução da expansão para 1% (limite normativo).
10.3390/su162310221,IMW,Brasil,Subproduto de flotação de minério de ferro,Modelo Composto (RM = k1 * σ3^k2 * σd^k3),PRS50/IMW50 (Média),NL,NP,NP,~28%,"18,93","14,2",-,1,A-4,"0,07","0,14",3300,"94,36","0,259","-0,557","0,734",115,-,-,-,Reforço de subleito / Sub-base,Ganho de 130% no RM em tensões médias vs PRS.
10.3390/su162310222,IMW,Brasil,Subproduto de flotação de minério de ferro,Modelo Composto (RM = k1 * σ3^k2 * σd^k3),PRS50/IMW50 (Alta),NL,NP,NP,~28%,"18,93","14,2",-,1,A-4,"0,14","0,42",3300,"94,36","0,259","-0,557","0,734",92,-,-,-,Reforço de subleito / Sub-base,Mistura ideal para estabilização de solos filíticos.
10.3390/su162310223,IMW,Brasil,Subproduto de flotação de minério de ferro,Modelo Composto (RM = k1 * σ3^k2 * σd^k3),LCS (Baixa),"43,2","29,2",14,~50%,"19,26","16,1",-,0,A-7-6,"0,02","0,02",3300,"237,5","-0,006","-0,428","0,916",1270,-,-,-,Camadas superiores,Comportamento laterítico (LA'); cimentação natural.
10.3390/su162310224,IMW,Brasil,Subproduto de flotação de minério de ferro,Modelo Composto (RM = k1 * σ3^k2 * σd^k3),LCS (Média),"43,2","29,2",14,~50%,"19,26","16,1",-,0,A-7-6,"0,07","0,14",3300,"237,5","-0,006","-0,428","0,916",464,-,-,-,Camadas superiores,Estabilidade via caulinita e óxidos de Fe/Al.
10.3390/su162310225,IMW,Brasil,Subproduto de flotação de minério de ferro,Modelo Composto (RM = k1 * σ3^k2 * σd^k3),LCS (Alta),"43,2","29,2",14,~50%,"19,26","16,1",-,0,A-7-6,"0,14","0,42",3300,"237,5","-0,006","-0,428","0,916",351,-,-,-,Camadas superiores,Solo argiloso laterítico com alta rigidez intrínseca.
10.3390/su162310226,IMW,Brasil,Subproduto de flotação de minério de ferro,Modelo Composto (RM = k1 * σ3^k2 * σd^k3),LCS80/IMW20 (Baixa),"35,3","25,8","9,5",~45%,"19,72","13,4",-,0,A-4,"0,02","0,02",3300,"340,36","0,104","-0,362","0,899",922,-,-,-,Base / Sub-base,Manutenção da rigidez com ganho ambiental.
10.3390/su162310227,IMW,Brasil,Subproduto de flotação de minério de ferro,Modelo Composto (RM = k1 * σ3^k2 * σd^k3),LCS80/IMW20 (Média),"35,3","25,8","9,5",~45%,"19,72","13,4",-,0,A-4,"0,07","0,14",3300,"340,36","0,104","-0,362","0,899",455,-,-,-,Base / Sub-base,K2 positivo indica maior dependência do confinamento.
10.3390/su162310228,IMW,Brasil,Subproduto de flotação de minério de ferro,Modelo Composto (RM = k1 * σ3^k2 * σd^k3),LCS80/IMW20 (Alta),"35,3","25,8","9,5",~45%,"19,72","13,4",-,0,A-4,"0,14","0,42",3300,"340,36","0,104","-0,362","0,899",382,-,-,-,Base / Sub-base,Ótimo desempenho mecânico para bases granulares.
10.3390/su162310229,IMW,Brasil,Subproduto de flotação de minério de ferro,Modelo Composto (RM = k1 * σ3^k2 * σd^k3),LCS60/IMW40 (Baixa),"26,5","17,2","9,3",~42%,"20,53","11,7",-,0,A-4,"0,02","0,02",3300,"330,84","0,269","-0,405","0,759",561,-,-,-,Sub-base,Queda brusca de rigidez comparada ao LCS80/IMW20.
10.3390/su162310230,IMW,Brasil,Subproduto de flotação de minério de ferro,Modelo Composto (RM = k1 * σ3^k2 * σd^k3),LCS60/IMW40 (Média),"26,5","17,2","9,3",~42%,"20,53","11,7",-,0,A-4,"0,07","0,14",3300,"330,84","0,269","-0,405","0,759",311,-,-,-,Sub-base,Perda de coesão laterítica por excesso de resíduo.
10.3390/su162310231,IMW,Brasil,Subproduto de flotação de minério de ferro,Modelo Composto (RM = k1 * σ3^k2 * σd^k3),LCS60/IMW40 (Alta),"26,5","17,2","9,3",~42%,"20,53","11,7",-,0,A-4,"0,14","0,42",3300,"330,84","0,269","-0,405","0,759",278,-,-,-,Sub-base,Recomendado apenas para camadas de menor esforço.
10.1016/j.clema.2025.100335,PLASTICO,Tailândia,Triturado,-,CP,-,-,-,-,"20,18",-,-,-,-,,,-,-,-,-,-,"374,8",-,-,-,"Excluído (UCS > 8,3 MPa)","Cimento+Fly Ash (1:2); w/b=0,7"
10.1016/j.clema.2025.100336,PLASTICO,Tailândia,Triturado,-,CP10,-,-,-,-,"19,02",-,-,-,-,,,-,-,-,-,-,303,-,-,-,Base e Sub-base,"Cimento+Fly Ash (1:2); 10% PA; w/b=0,7"
10.1016/j.clema.2025.100337,PLASTICO,Tailândia,Triturado,-,CP20,-,-,-,-,"18,34",-,-,-,-,,,-,-,-,-,-,"223,5",-,-,-,"Não atende critérios de rigidez (Austroads, 2017)","Cimento+Fly Ash (1:2); 20% PA; w/b=0,7"
10.1016/j.clema.2025.100338,PLASTICO,Tailândia,Triturado,-,CP30,-,-,-,-,"17,1",-,-,-,-,,,-,-,-,-,-,"127,4",-,-,-,"Não atende critérios de rigidez (Austroads, 2017)","Cimento+Fly Ash (1:2); 30% PA; w/b=0,7"
10.1016/j.clema.2025.100339,PLASTICO,Tailândia,Triturado,-,AP,-,-,-,-,"19,87",-,-,-,-,,,-,-,-,-,-,"289,6",-,-,-,Sub-base,"High-Ca Fly Ash+10M NaOH; Ativador/FA=0,4"
10.1016/j.clema.2025.100340,PLASTICO,Tailândia,Triturado,-,AP10,-,-,-,-,"18,56",-,-,-,-,,,-,-,-,-,-,"276,1",-,-,-,Sub-base,"High-Ca Fly Ash+10M NaOH; 10% PA; Ativador/FA=0,4"
10.1016/j.clema.2025.100341,PLASTICO,Tailândia,Triturado,-,AP20,-,-,-,-,"17,78",-,-,-,-,,,-,-,-,-,-,"192,5",-,-,-,"Não atende critérios de rigidez (Austroads, 2017)","High-Ca Fly Ash+10M NaOH; 20% PA; Ativador/FA=0,4"
10.1016/j.cscm.2024.e03508,NATURAL,Malásia,Triturado e peneirado,-,Control,-,-,-,-,"22,49",-,-,-,-,1000 N,1000 N,-,-,-,-,-,3155,-,-,"1,72",Revestimento Asfáltico,Mistura asfáltica SMA (0% PET). Teor Ótimo de Betume (OAC) = 5.30%. O teste de deformação (creep) acusou a maior deformação permanente entre as amostras.
10.1016/j.cscm.2024.e03509,PLASTICO,Malásia,Triturado e peneirado,-,PET-Fine-10,-,-,-,-,"22,37",-,-,-,-,1000 N,1000 N,5 pulsos (MR) / 3600 (Creep),-,-,-,-,3660,-,-,-,Revestimento Asfáltico,10% PET (como agregado miúdo: 4.75 a 0.075mm). OAC = 5.39%. Aumento de 22% no Módulo de Resiliência a 25°C. Melhorou a vida de fadiga e a estabilidade.
10.1016/j.cscm.2024.e03510,PLASTICO,Malásia,Triturado e peneirado,-,PET-Fine-20,-,-,-,-,"22,16",-,-,-,-,1000 N,1000 N,5 pulsos (MR) / 3600 (Creep),-,-,-,-,-,-,-,"0,92",Revestimento Asfáltico,"20% PET miúdo. OAC = 5.45%. Começou a decair o Módulo de Resiliência comparado aos 10%, mas reduziu bastante a deformação permanente para 0.92%."
10.1016/j.cscm.2024.e03511,PLASTICO,Malásia,Triturado e peneirado,-,PET-Fine-30,-,-,-,-,46044,-,-,-,-,1000 N,1000 N,5 pulsos (MR) / 3600 (Creep),-,-,-,-,-,-,-,"1,4",Revestimento Asfáltico,30% PET miúdo. OAC = 5.59%. O excesso de plástico prejudicou o Módulo de Resiliência (queda de 15% em relação aos 10%) e aumentou a deformação para 1.40%.
10.1016/j.cscm.2024.e03512,PLASTICO,Malásia,Triturado e peneirado,-,PET-Filler-10,-,-,-,-,"22,41",-,-,-,-,1000 N,1000 N,5 pulsos (MR) / 3600 (Creep),-,-,-,-,3988,-,-,-,Revestimento Asfáltico,10% PET (como fíler: <0.075mm). OAC = 5.43%. Apresentou o maior módulo de resiliência alcançado no estudo (26% acima do controle).
10.1016/j.cscm.2024.e03513,PLASTICO,Malásia,Triturado e peneirado,-,PET-Filler-20,-,-,-,-,"22,29",-,-,-,-,1000 N,1000 N,5 pulsos (MR) / 3600 (Creep),-,-,-,-,-,-,-,"0,81",Revestimento Asfáltico,Mistura ótima. 20% PET Fíler. OAC = 5.50%. Obteve a menor deformação permanente de todo o estudo (0.81%) e excelente vida de fadiga (suportou mais de 23.000 ciclos sob 2250 N).
10.1016/j.cscm.2024.e03514,PLASTICO,Malásia,Triturado e peneirado,-,PET-Filler-30,-,-,-,-,"22,17",-,-,-,-,1000 N,1000 N,5 pulsos (MR) / 3600 (Creep),-,-,-,-,-,-,-,-,Revestimento Asfáltico,"30% PET Fíler. OAC = 5.61%. Tal como a areia miúda, o excesso reduziu o MR e a vida útil."
10.28991/CEJ-2023-09-04-012,NATURAL,Iraque,"Triturado (2,36 a 4,75mm)",-,Controle (0%),-,-,-,-,"23,64",46058,-,-,-,,Tração Indireta: 138,1200,-,-,-,-,-30527,-,-,-,Revestimento Asfáltico,Mistura de controle (0% plástico). Ensaio a 25 °C. Os valores de OMC da tabela representam o Teor Ótimo de Asfalto (OAC).
10.28991/CEJ-2023-09-04-013,PLASTICO,Iraque,"Triturado (2,36 a 4,75mm)",-,Plástico 5%,-,-,-,-,"23,45",46027,-,-,-,,Tração Indireta: 138,1200,-,-,-,-,6788,-,-,-,Revestimento Asfáltico,"5% de substituição do agregado miúdo (via seca). Aumento de 5,3% no Módulo de Resiliência em relação ao controle."
10.28991/CEJ-2023-09-04-014,PLASTICO,Iraque,"Triturado (2,36 a 4,75mm)",-,Plástico 7%,-,-,-,-,"23,35",46238,-,-,-,,Tração Indireta: 138,1200,-,-,-,-,56401,-,-,-,Revestimento Asfáltico,"7% de plástico. O consumo ótimo de asfalto (OAC) cai gradativamente com a adição do resíduo, melhorando a economia."
10.28991/CEJ-2023-09-04-015,PLASTICO,Iraque,"Triturado (2,36 a 4,75mm)",-,Plástico 9%,-,-,-,-,"23,15",46207,-,-,-,,Tração Indireta: 138,1200,-,-,-,-,82637,-,-,-,Revestimento Asfáltico,Mistura de maior rigidez (ganho de 17% no MR). O volume de Vazios (AV) reduziu substancialmente.
10.28991/CEJ-2023-09-04-016,PLASTICO,Iraque,"Triturado (2,36 a 4,75mm)",-,Plástico 11%,-,-,-,-,"23,15",46146,-,-,-,,Tração Indireta: 138,1200,-,-,-,-,77646,-,-,-,Revestimento Asfáltico,"Mistura de maior economia de ligante (OAC reduziu 13,5% face ao controle). MR sofreu leve queda se comparado aos 9%, mas mantendo-se 16% acima do controle."
0.1016/j.jobe.2023.108257,RCD,Austrália,Triturado / Estabilizado,NCHRP (3 Parâmetros),CB1-70,-,-,-,46025,"19,62","10,88",-,-,A-1-a,"20,7 a 137,9","20,7 a 275,8",AASHTO T307-99,1315,629,-108,994,"254,18",-,-,-,Base / Sub-base,1% de Emulsão Asfáltica (BEC). Condicionada a 70% da umidade ótima (OMC). Classificação USCS: GW.
0.1016/j.jobe.2023.108258,RCD,Austrália,Triturado / Estabilizado,NCHRP (3 Parâmetros),CB1-90,-,-,-,46025,"19,62","10,88",-,-,A-1-a,"20,7 a 137,9","20,7 a 275,8",AASHTO T307-99,872,719,-188,995,"182,29",-,-,-,Base / Sub-base,1% BEC. Condicionada a 90% OMC. A elevação da umidade reduziu o MR médio.
0.1016/j.jobe.2023.108259,RCD,Austrália,Triturado / Estabilizado,NCHRP (3 Parâmetros),CB2-70,-,-,-,46025,"19,62","10,88",-,-,A-1-a,"20,7 a 137,9","20,7 a 275,8",AASHTO T307-99,1389,599,-112,995,"258,61",-,-,-,Base / Sub-base,2% BEC. Aos 70% de OMC. Teor de emulsão recomendado pelos autores para climas úmidos.
0.1016/j.jobe.2023.108260,RCD,Austrália,Triturado / Estabilizado,NCHRP (3 Parâmetros),CB2-90,-,-,-,46025,"19,62","10,88",-,-,A-1-a,"20,7 a 137,9","20,7 a 275,8",AASHTO T307-99,1298,603,-173,998,"236,26",-,-,-,Base / Sub-base,2% BEC. O teor ótimo minimizou a perda do MR quando a umidade subiu para 90% OMC.
0.1016/j.jobe.2023.108261,RCD,Austrália,Triturado / Estabilizado,NCHRP (3 Parâmetros),CB3-70,-,-,-,46025,"19,62","10,88",-,-,A-1-a,"20,7 a 137,9","20,7 a 275,8",AASHTO T307-99,1589,485,-57,982,"277,96",-,-,-,Base / Sub-base,"3% BEC. Teor recomendado para climas secos. Apresentou o MR mais alto (277,96 MPa) entre as amostras de CB secas."
0.1016/j.jobe.2023.108262,RCD,Austrália,Triturado / Estabilizado,NCHRP (3 Parâmetros),CB3-90,-,-,-,46025,"19,62","10,88",-,-,A-1-a,"20,7 a 137,9","20,7 a 275,8",AASHTO T307-99,1037,669,-84,994,"212,93",-,-,-,Base / Sub-base,3% BEC. Aos 90% de OMC o excesso de emulsão e água prejudicou ligeiramente a rigidez do CB.
0.1016/j.jobe.2023.108263,RCD,Austrália,Triturado / Estabilizado,NCHRP (3 Parâmetros),RCC1-70,-,-,-,46025,"19,52",11,-,-,A-1-a,"20,7 a 137,9","20,7 a 275,8",AASHTO T307-99,1456,643,-124,925,"318,15",-,-,-,Base / Sub-base,1% BEC. Condicionada a 70% OMC. Classificação USCS: GW. MR consideravelmente maior que o CB nas mesmas condições.
0.1016/j.jobe.2023.108264,RCD,Austrália,Triturado / Estabilizado,NCHRP (3 Parâmetros),RCC1-90,-,-,-,46025,"19,52",11,-,-,A-1-a,"20,7 a 137,9","20,7 a 275,8",AASHTO T307-99,1566,643,-50,939,"315,97",-,-,-,Base / Sub-base,"1% BEC. Aos 90% OMC, teve pouquíssima variação elástica se comparada aos 70%."
0.1016/j.jobe.2023.108265,RCD,Austrália,Triturado / Estabilizado,NCHRP (3 Parâmetros),RCC2-70,-,-,-,46025,"19,52",11,-,-,A-1-a,"20,7 a 137,9","20,7 a 275,8",AASHTO T307-99,1872,447,241,932,"339,84",-,-,-,Base / Sub-base,2% BEC. Atingiu a média máxima de MR para a pesquisa nas simulações de 70% de umidade OMC.
0.1016/j.jobe.2023.108266,RCD,Austrália,Triturado / Estabilizado,NCHRP (3 Parâmetros),RCC2-90,-,-,-,46025,"19,52",11,-,-,A-1-a,"20,7 a 137,9","20,7 a 275,8",AASHTO T307-99,1450,668,-93,939,"295,54",-,-,-,Base / Sub-base,"2% BEC. Em umidade mais elevada (90%), a mistura com 2% demonstrou ser mais estável que as demais de RCC."
0.1016/j.jobe.2023.108267,RCD,Austrália,Triturado / Estabilizado,NCHRP (3 Parâmetros),RCC3-70,-,-,-,46025,"19,52",11,-,-,A-1-a,"20,7 a 137,9","20,7 a 275,8",AASHTO T307-99,1938,466,94,967,"336,68",-,-,-,Base / Sub-base,3% BEC. Condição ótima sugerida para uso em climas mais secos com RCC.
0.1016/j.jobe.2023.108268,RCD,Austrália,Triturado / Estabilizado,NCHRP (3 Parâmetros),RCC3-90,-,-,-,46025,"19,52",11,-,-,A-1-a,"20,7 a 137,9","20,7 a 275,8",AASHTO T307-99,1562,584,-237,994,"269,81",-,-,-,Base / Sub-base,"3% BEC. Aos 90% OMC apresentou queda expressiva do MR (269,81 MPa) devido ao excesso de fluidos (água + emulsão) reduzindo a interação no material."
10.1016/j.trgeo.2016.03.005,GESSO,"Bagdá, Iraque","Solo natural (38,8% gesso)",Propagação de Ondas (E),Unsoaked (Controle 1),-,-,NP,"3,65","18,27",46244,-,-,A-1-b,Sobretaxa 200 N,,-,-,-,-,-,195,-,-,-,Subleito,Condição não imersa. O MR foi calculado com a velocidade de propagação das ondas P e S.
10.1016/j.trgeo.2016.03.006,GESSO,"Bagdá, Iraque","Solo natural (38,8% gesso)",Propagação de Ondas (E),4-Day Soaked (Controle 2),-,-,NP,"3,65","18,27",46244,-,-,A-1-b,Sobretaxa 200 N,,-,-,-,-,-,"145,95",-,-,-,Subleito,"Condição padrão da norma (4 dias de imersão). Segundo os autores, este ensaio tradicional superestima a rigidez final da areia gipsífera em cerca de 65%."
10.1016/j.trgeo.2016.03.007,GESSO,"Bagdá, Iraque","Solo natural (38,8% gesso)",Propagação de Ondas (E),14-Days Cycle (Equilibrium),-,-,NP,"3,65","18,27",46244,42,-,A-1-b,Sobretaxa 200 N,,-,-,-,-,-,"103,53",-,-,-,Subleito,"Alta frequência (7 dias umedecendo + 7 secando). O valor do MR reportado é o ""Equilibrium Soaked"", alcançado a partir do 4º ciclo da fase úmida."
10.1016/j.trgeo.2016.03.008,GESSO,"Bagdá, Iraque","Solo natural (38,8% gesso)",Propagação de Ondas (E),60-Days Cycle (Equilibrium),-,-,NP,"3,65","18,27",46244,"41,47",-,A-1-b,Sobretaxa 200 N,,-,-,-,-,-,"100,85",-,-,-,Subleito,Frequência média (30 dias úmido + 30 dias seco). O MR cai na fase de umedecimento devido à dissolução da cimentação do gesso.
10.1016/j.trgeo.2016.03.009,GESSO,"Bagdá, Iraque","Solo natural (38,8% gesso)",Propagação de Ondas (E),180-Days Cycle (Equilibrium),-,-,NP,"3,65","18,27",46244,"41,25",-,A-1-b,Sobretaxa 200 N,,-,-,-,-,-,"85,22",-,-,-,Subleito,"Baixa frequência (90 dias umedecendo + 90 secando). Esta imersão prolongada resultou na maior queda do MR (85,22 MPa), representando 43,7% da rigidez inicial não imersa."
10.1061/(ASCE)MT.1943-5533.0002765,RCD,Austrália,Britado e Misturado,Mr​=k1​(pa​σ3​​+1)k2​(pa​σd​​+1)k3​,CR,30,24,6,8,"21,97",8,126,-,-,Múltiplas,Múltiplas,15 Estágios,"56,3",-30,1213,"0,92",132,-,-,-,Base / Sub-base,Controle CR puro (100%). pH varia de 10 a 12.
10.1061/(ASCE)MT.1943-5533.0002766,RCD,Austrália,Britado e Misturado,Mr​=k1​(pa​σ3​​+1)k2​(pa​σd​​+1)k3​,CR + 1% R,-,-,-,-,-,-,89,-,-,Múltiplas,Múltiplas,15 Estágios,46108,-15,1667,"0,84","91,3",-,-,-,Base / Sub-base,"A adição de 1% de borracha gerou um esqueleto resiliente, mas derrubou o CBR (para 89%) e o Módulo de Resiliência."
10.1061/(ASCE)MT.1943-5533.0002767,RCD,Austrália,Britado e Misturado,Mr​=k1​(pa​σ3​​+1)k2​(pa​σd​​+1)k3​,CR + 1% R + 1% CG,-,-,-,-,"24,27","7,75",133,-,-,Múltiplas,Múltiplas,15 Estágios,"33,6",-387,1666,"0,83","96,1",-,-,-,Base / Sub-base,O vidro (CG) preenche os vazios gerados pela borracha. O CBR voltou a subir superando a brita pura (CBR 133%).
10.1061/(ASCE)MT.1943-5533.0002768,RCD,Austrália,Britado e Misturado,Mr​=k1​(pa​σ3​​+1)k2​(pa​σd​​+1)k3​,CR + 1% R + 3% CG,-,-,-,-,46258,"8,14",138,-,-,Múltiplas,Múltiplas,15 Estágios,"34,7",-258,1724,"0,83","105,7",-,-,-,Base / Sub-base,"O aumento para 3% de vidro continuou preenchendo os vazios da borracha, elevando o CBR (138%) e o módulo para 105.7 MPa"
10.1061/(ASCE)MT.1943-5533.0002769,RCD,Austrália,Britado e Misturado,Mr​=k1​(pa​σ3​​+1)k2​(pa​σd​​+1)k3​,CR + 1% R + 5% CG,-,-,-,-,"23,97","8,28",144,-,-,Múltiplas,Múltiplas,15 Estágios,"49,3",406,1069,"0,91",131,-,-,-,Base / Sub-base,Mistura ótima de CR: 5% de vidro restaurou o Módulo de Resiliência original (131 MPa) e atingiu o maior CBR da classe.
10.1061/(ASCE)MT.1943-5533.0002770,RCD,Austrália,Britado e Misturado,Mr​=k1​(pa​σ3​​+1)k2​(pa​σd​​+1)k3​,RCA,35,29,6,7,"19,72",12,137,-,-,Múltiplas,Múltiplas,15 Estágios,"54,7",247,1030,"0,98",132,-,-,-,Base / Sub-base,Controle RCA puro (100%). Apresentou CBR superior à brita pura (CR).
10.1061/(ASCE)MT.1943-5533.0002771,RCD,Austrália,Britado e Misturado,Mr​=k1​(pa​σ3​​+1)k2​(pa​σd​​+1)k3​,RCA + 1% R,-,-,-,-,-,-,116,-,-,Múltiplas,Múltiplas,15 Estágios,46253,311,1668,"0,87","81,6",-,-,-,Base / Sub-base,A borracha isolada também reduziu consideravelmente a rigidez do RCA.
10.1061/(ASCE)MT.1943-5533.0002772,RCD,Austrália,Britado e Misturado,Mr​=k1​(pa​σ3​​+1)k2​(pa​σd​​+1)k3​,RCA + 1% R + 1% CG,-,-,-,-,"21,65","12,32",147,-,-,Múltiplas,Múltiplas,15 Estágios,"82,1",101,919,"0,96",169,-,-,-,Base / Sub-base,"A adição de apenas 1% de vidro já superou (em muito) o MR do RCA puro, alcançando 169 MPa."
10.1061/(ASCE)MT.1943-5533.0002773,RCD,Austrália,Britado e Misturado,Mr​=k1​(pa​σ3​​+1)k2​(pa​σd​​+1)k3​,RCA + 1% R + 3% CG,-,-,-,-,"21,92","11,86",157,-,-,Múltiplas,Múltiplas,15 Estágios,95,-190,1276,"0,88",187,-,-,-,Base / Sub-base,Excelente desempenho. A adição de 3% de vidro triturado resultou em um salto expressivo no módulo de resiliência médio alcançando 187 MPa e CBR de 157%
10.1061/(ASCE)MT.1943-5533.0002774,RCD,Austrália,Britado e Misturado,Mr​=k1​(pa​σ3​​+1)k2​(pa​σd​​+1)k3​,RCA + 1% R + 5% CG,-,-,-,-,"21,8","12,51",164,-,-,Múltiplas,Múltiplas,15 Estágios,121,-173,773,"0,84",192,-,-,-,Base / Sub-base,"Melhor mistura do artigo. O vidro aumentou a densidade de empacotamento, resultando em CBR excepcional de 164% e MR médio de 192 MPa."
https://doi.org/10.1038/s41598-025-17909-y,NATURAL, Paquistão,Fresado (RAP) e Triturado (CR),-,"RAP 0%, CR 0%",-,-,-,-,-,-,-,-,-,,20% do ITS Máximo,"100 cond, + 5 leitura",-,-,-,-,8931,-,-,-,Revestimento Asfáltico,Mistura de Controle (0%). Testemunho de asfalto ACWC virgem (Betume 60/70). Afundamento de trilha de roda = 2.08 mm.
https://doi.org/10.1038/s41598-025-17909-y,BORRACHA, Paquistão,Fresado (RAP) e Triturado (CR),-,"RAP 0%, CR 7%",-,-,-,-,-,-,-,-,-,,20% do ITS Máximo,"100 cond, + 5 leitura",-,-,-,-,11215,-,-,-,Revestimento Asfáltico,Mistura asfáltica com 7% de borracha como ligante. O afundamento de trilha de roda reduziu para 1.41 mm e obteve o 2º maior MR.
https://doi.org/10.1038/s41598-025-17909-y,RAP, Paquistão,Fresado (RAP) e Triturado (CR),-,"RAP 15%, CR 0%",-,-,-,-,-,-,-,-,-,,20% do ITS Máximo,"100 cond, + 5 leitura",-,-,-,-,10414,-,-,-,Revestimento Asfáltico,Mistura com 15% de Fresado (RAP) e sem borracha. O RAP aumenta a coesão devido à interação do ligante envelhecido com o novo.
https://doi.org/10.1038/s41598-025-17909-y,RAP, Paquistão,Fresado (RAP) e Triturado (CR),-,"RAP 15%, CR 7%",-,-,-,-,-,-,-,-,-,,20% do ITS Máximo,"100 cond, + 5 leitura",-,-,-,-,12345,-,-,-,Revestimento Asfáltico,"Mistura Ótima testada no pavimento. Maior Resistência à Tração (8.71 kN), Maior Módulo Resiliente (12345 MPa) e menor Afundamento (1.22 mm)."
Estudo sobre a aplicação de agregado reciclado de concreto em construção de pavimentos,RCD,Brasil,Triturado,MR = K1*(σc)^K2*(σd)^K3,ARC (0 dias),,,0,2,"18,34",12,198,,A-1-a,"0,0689","0,1861",100000,"7,02","0,72","0,08","0,91",358,-,2240,"0,224",Base / Sub-base,Agregado de Concreto Reciclado Puro. Energia Intermediária. Sem tempo de cura.
Estudo sobre a aplicação de agregado reciclado de concreto em construção de pavimentos,RCD,Brasil,Triturado,MR = K1*(σc)^K2*(σd)^K3,ARC (7 dias),,,0,2,"18,34",12,194,,A-1-a,"0,0689","0,1861",100000,"83,33","0,33",0,"0,91",452,-,1720,"0,172",Base / Sub-base,O ganho de rigidez já é sentido aos 7 dias devido à cimentação própria do concreto.
Estudo sobre a aplicação de agregado reciclado de concreto em construção de pavimentos,RCD,Brasil,Triturado,MR = K1*(σc)^K2*(σd)^K3,ARC (28 dias),,,0,2,"18,34",12,200,,A-1-a,"0,0689","0,1861",100000,"13,23","0,76","-0,02","0,97",356,-,1160,"0,116",Base / Sub-base,"Redução significativa da deformação permanente (0,116%) após 28 dias de cura."
Estudo sobre a aplicação de agregado reciclado de concreto em construção de pavimentos,RCD,Brasil,Triturado,MR = K1*(σc)^K2*(σd)^K3,ARC (90 dias),,,0,2,"18,34",12,,,A-1-a,"0,0689","0,1861",100000,"58,92","0,5","0,01","0,98",395,-,1150,"0,115",Base / Sub-base,Comportamento elástico resiliente otimizado pela cura química prolongada.
Estudo sobre a aplicação de agregado reciclado de concreto em construção de pavimentos,RCD,Brasil,Triturado,MR = K1*(σc)^K2*(σd)^K3,ARC (180 dias),,,0,2,"18,34",12,,,A-1-a,"0,0689","0,1861",100000,121,"0,35",0,"0,87",568,-,960,"0,096",Base / Sub-base,Atingiu a menor Deformação Permanente e a maior Resistência à Compressão Simples.
Estudo sobre a aplicação de agregado reciclado de concreto em construção de pavimentos,RCD,Brasil,Triturado e Misturado,MR = K1*(σc)^K2*(σd)^K3,Solo-ARC (0 dias),,,,"10,2","21,24","7,75",219,0,,"0,0689","0,1861",100000,"2826,64","0,36","-0,71","0,93",596,-,2619,"0,262",Base,Mistura: 70% ARC + 30% Solo Argiloso Laterítico. Compactação na Energia Modificada.
Estudo sobre a aplicação de agregado reciclado de concreto em construção de pavimentos,RCD,Brasil,Triturado e Misturado,MR = K1*(σc)^K2*(σd)^K3,Solo-ARC (7 dias),,,,"10,2","21,24","7,75",219,0,,"0,0689","0,1861",100000,"2557,59","0,3","-0,6","0,95",511,-,1876,"0,188",Base,Cimentação ajudou a estabilizar a mistura rapidamente nos primeiros 7 dias.
Estudo sobre a aplicação de agregado reciclado de concreto em construção de pavimentos,RCD,Brasil,Triturado e Misturado,MR = K1*(σc)^K2*(σd)^K3,Solo-ARC (28 dias),,,,"10,2","21,24","7,75",243,0,,"0,0689","0,1861",100000,"7858,26","0,49","-0,92","0,92",562,-,1827,"0,183",Base,Mistura estabilizada granulometricamente. Excepcional Módulo de Resiliência.
"ANÁLISE DO ENVELHECIMENTO, RIGIDEZ E SUSCETIBILIDADE À PRESENÇA DE ÁGUA EM MISTURAS RECICLADAS COM ADIÇÃO DE AGENTES DE RECICLAGEM",RAP,Brasil,Fresa e Mistura,-,100 P,,,,"6,28","24,17","5,5",,,,,,5,,,,,15516,-,-,-,Revestimento Asfáltico,100% RAP. Sem adição de Agente de Reciclagem (AR).
"ANÁLISE DO ENVELHECIMENTO, RIGIDEZ E SUSCETIBILIDADE À PRESENÇA DE ÁGUA EM MISTURAS RECICLADAS COM ADIÇÃO DE AGENTES DE RECICLAGEM",RAP,Brasil,Fresa e Mistura,-,75 P,,,,"6,78","24,12","5,5",,,,,,5,,,,,11523,-,-,-,Revestimento Asfáltico,75% RAP. Sem adição de AR.
"ANÁLISE DO ENVELHECIMENTO, RIGIDEZ E SUSCETIBILIDADE À PRESENÇA DE ÁGUA EM MISTURAS RECICLADAS COM ADIÇÃO DE AGENTES DE RECICLAGEM",RAP,Brasil,Fresa e Mistura,-,50 P,,,,"7,1","24,02","5,5",,,,,,5,,,,,8298,-,-,-,Revestimento Asfáltico,50% RAP. Sem adição de AR. Mistura de excelente comportamento.
"ANÁLISE DO ENVELHECIMENTO, RIGIDEZ E SUSCETIBILIDADE À PRESENÇA DE ÁGUA EM MISTURAS RECICLADAS COM ADIÇÃO DE AGENTES DE RECICLAGEM",RAP,Brasil,Fresa e Mistura,-,25 P,,,,"7,42","23,87","5,5",,,,,,5,,,,,6661,-,-,-,Revestimento Asfáltico,25% RAP. Sem adição de AR. Baseline de referência.
"ANÁLISE DO ENVELHECIMENTO, RIGIDEZ E SUSCETIBILIDADE À PRESENÇA DE ÁGUA EM MISTURAS RECICLADAS COM ADIÇÃO DE AGENTES DE RECICLAGEM",RAP,Brasil,Fresa e Mistura,-,100 O,,,,"6,28","24,17","5,5",,,,,,5,,,,,6732,-,-,-,Revestimento Asfáltico,100% RAP + Teor Ótimo (TO) de Óleo Residual. Adicionado ao RAP.
"ANÁLISE DO ENVELHECIMENTO, RIGIDEZ E SUSCETIBILIDADE À PRESENÇA DE ÁGUA EM MISTURAS RECICLADAS COM ADIÇÃO DE AGENTES DE RECICLAGEM",RAP,Brasil,Fresa e Mistura,-,100 O+,,,,"6,28","24,17","5,5",,,,,,5,,,,,6044,-,-,-,Revestimento Asfáltico,100% RAP + 25% acima do TO de Óleo. Adicionado ao RAP.
"ANÁLISE DO ENVELHECIMENTO, RIGIDEZ E SUSCETIBILIDADE À PRESENÇA DE ÁGUA EM MISTURAS RECICLADAS COM ADIÇÃO DE AGENTES DE RECICLAGEM",RAP,Brasil,Fresa e Mistura,-,100 O++,,,,"6,28","24,17","5,5",,,,,,5,,,,,5299,-,-,-,Revestimento Asfáltico,100% RAP + 50% acima do TO de Óleo. Adicionado ao RAP.
"ANÁLISE DO ENVELHECIMENTO, RIGIDEZ E SUSCETIBILIDADE À PRESENÇA DE ÁGUA EM MISTURAS RECICLADAS COM ADIÇÃO DE AGENTES DE RECICLAGEM",RAP,Brasil,Fresa e Mistura,-,75 L O,,,,"6,78","24,12","5,5",,,,,,5,,,,,6369,-,-,-,Revestimento Asfáltico,75% RAP + Óleo (TO). Adicionado diretamente ao Ligante.
"ANÁLISE DO ENVELHECIMENTO, RIGIDEZ E SUSCETIBILIDADE À PRESENÇA DE ÁGUA EM MISTURAS RECICLADAS COM ADIÇÃO DE AGENTES DE RECICLAGEM",RAP,Brasil,Fresa e Mistura,-,75 L O+,,,,"6,78","24,12","5,5",,,,,,5,,,,,5365,-,-,-,Revestimento Asfáltico,75% RAP + Óleo (+25%). Adicionado ao Ligante.
"ANÁLISE DO ENVELHECIMENTO, RIGIDEZ E SUSCETIBILIDADE À PRESENÇA DE ÁGUA EM MISTURAS RECICLADAS COM ADIÇÃO DE AGENTES DE RECICLAGEM",RAP,Brasil,Fresa e Mistura,-,75 L O++,,,,"6,78","24,12","5,5",,,,,,5,,,,,4450,-,-,-,Revestimento Asfáltico,75% RAP + Óleo (+50%). Adicionado ao Ligante.
"ANÁLISE DO ENVELHECIMENTO, RIGIDEZ E SUSCETIBILIDADE À PRESENÇA DE ÁGUA EM MISTURAS RECICLADAS COM ADIÇÃO DE AGENTES DE RECICLAGEM",RAP,Brasil,Fresa e Mistura,-,75 R O,,,,"6,78","24,12","5,5",,,,,,5,,,,,5841,-,-,-,Revestimento Asfáltico,75% RAP + Óleo (TO). Adicionado ao RAP.
"ANÁLISE DO ENVELHECIMENTO, RIGIDEZ E SUSCETIBILIDADE À PRESENÇA DE ÁGUA EM MISTURAS RECICLADAS COM ADIÇÃO DE AGENTES DE RECICLAGEM",RAP,Brasil,Fresa e Mistura,-,75 R O+,,,,"6,78","24,12","5,5",,,,,,5,,,,,4735,-,-,-,Revestimento Asfáltico,75% RAP + Óleo (+25%). Adicionado ao RAP.
"ANÁLISE DO ENVELHECIMENTO, RIGIDEZ E SUSCETIBILIDADE À PRESENÇA DE ÁGUA EM MISTURAS RECICLADAS COM ADIÇÃO DE AGENTES DE RECICLAGEM",RAP,Brasil,Fresa e Mistura,-,75 R O++,,,,"6,78","24,12","5,5",,,,,,5,,,,,3524,-,-,-,Revestimento Asfáltico,75% RAP + Óleo (+50%). Adicionado ao RAP. Alta fragilidade de coesão.
"ANÁLISE DO ENVELHECIMENTO, RIGIDEZ E SUSCETIBILIDADE À PRESENÇA DE ÁGUA EM MISTURAS RECICLADAS COM ADIÇÃO DE AGENTES DE RECICLAGEM",RAP,Brasil,Fresa e Mistura,-,75 A O,,,,"6,78","24,12","5,5",,,,,,5,,,,,6451,-,-,-,Revestimento Asfáltico,75% RAP + Óleo (TO). Adicionado ao Agregado.
"ANÁLISE DO ENVELHECIMENTO, RIGIDEZ E SUSCETIBILIDADE À PRESENÇA DE ÁGUA EM MISTURAS RECICLADAS COM ADIÇÃO DE AGENTES DE RECICLAGEM",RAP,Brasil,Fresa e Mistura,-,75 A O+,,,,"6,78","24,12","5,5",,,,,,5,,,,,5408,-,-,-,Revestimento Asfáltico,75% RAP + Óleo (+25%). Adicionado ao Agregado.
"ANÁLISE DO ENVELHECIMENTO, RIGIDEZ E SUSCETIBILIDADE À PRESENÇA DE ÁGUA EM MISTURAS RECICLADAS COM ADIÇÃO DE AGENTES DE RECICLAGEM",RAP,Brasil,Fresa e Mistura,-,75 A O++,,,,"6,78","24,12","5,5",,,,,,5,,,,,5269,-,-,-,Revestimento Asfáltico,75% RAP + Óleo (+50%). Adicionado ao Agregado.
"ANÁLISE DO ENVELHECIMENTO, RIGIDEZ E SUSCETIBILIDADE À PRESENÇA DE ÁGUA EM MISTURAS RECICLADAS COM ADIÇÃO DE AGENTES DE RECICLAGEM",RAP,Brasil,Fresa e Mistura,-,50 L O,,,,"7,1","24,02","5,5",,,,,,5,,,,,3465,-,-,-,Revestimento Asfáltico,50% RAP + Óleo (TO). Adicionado ao Ligante.
"ANÁLISE DO ENVELHECIMENTO, RIGIDEZ E SUSCETIBILIDADE À PRESENÇA DE ÁGUA EM MISTURAS RECICLADAS COM ADIÇÃO DE AGENTES DE RECICLAGEM",RAP,Brasil,Fresa e Mistura,-,50 L O+,,,,"7,1","24,02","5,5",,,,,,5,,,,,3236,-,-,-,Revestimento Asfáltico,50% RAP + Óleo (+25%). Adicionado ao Ligante.
"ANÁLISE DO ENVELHECIMENTO, RIGIDEZ E SUSCETIBILIDADE À PRESENÇA DE ÁGUA EM MISTURAS RECICLADAS COM ADIÇÃO DE AGENTES DE RECICLAGEM",RAP,Brasil,Fresa e Mistura,-,50 L O++,,,,"7,1","24,02","5,5",,,,,,5,,,,,2792,-,-,-,Revestimento Asfáltico,50% RAP + Óleo (+50%). Adicionado ao Ligante.
"ANÁLISE DO ENVELHECIMENTO, RIGIDEZ E SUSCETIBILIDADE À PRESENÇA DE ÁGUA EM MISTURAS RECICLADAS COM ADIÇÃO DE AGENTES DE RECICLAGEM",RAP,Brasil,Fresa e Mistura,-,50 R O,,,,"7,1","24,02","5,5",,,,,,5,,,,,3702,-,-,-,Revestimento Asfáltico,50% RAP + Óleo (TO). Adicionado ao RAP.
"ANÁLISE DO ENVELHECIMENTO, RIGIDEZ E SUSCETIBILIDADE À PRESENÇA DE ÁGUA EM MISTURAS RECICLADAS COM ADIÇÃO DE AGENTES DE RECICLAGEM",RAP,Brasil,Fresa e Mistura,-,50 R O+,,,,"7,1","24,02","5,5",,,,,,5,,,,,3169,-,-,-,Revestimento Asfáltico,50% RAP + Óleo (+25%). Adicionado ao RAP.
"ANÁLISE DO ENVELHECIMENTO, RIGIDEZ E SUSCETIBILIDADE À PRESENÇA DE ÁGUA EM MISTURAS RECICLADAS COM ADIÇÃO DE AGENTES DE RECICLAGEM",RAP,Brasil,Fresa e Mistura,-,50 R O++,,,,"7,1","24,02","5,5",,,,,,5,,,,,2621,-,-,-,Revestimento Asfáltico,50% RAP + Óleo (+50%). Adicionado ao RAP.
"ANÁLISE DO ENVELHECIMENTO, RIGIDEZ E SUSCETIBILIDADE À PRESENÇA DE ÁGUA EM MISTURAS RECICLADAS COM ADIÇÃO DE AGENTES DE RECICLAGEM",RAP,Brasil,Fresa e Mistura,-,50 A O,,,,"7,1","24,02","5,5",,,,,,5,,,,,4797,-,-,-,Revestimento Asfáltico,50% RAP + Óleo (TO). Adicionado ao Agregado.
"ANÁLISE DO ENVELHECIMENTO, RIGIDEZ E SUSCETIBILIDADE À PRESENÇA DE ÁGUA EM MISTURAS RECICLADAS COM ADIÇÃO DE AGENTES DE RECICLAGEM",RAP,Brasil,Fresa e Mistura,-,50 A O+,,,,"7,1","24,02","5,5",,,,,,5,,,,,3653,-,-,-,Revestimento Asfáltico,50% RAP + Óleo (+25%). Adicionado ao Agregado.
"ANÁLISE DO ENVELHECIMENTO, RIGIDEZ E SUSCETIBILIDADE À PRESENÇA DE ÁGUA EM MISTURAS RECICLADAS COM ADIÇÃO DE AGENTES DE RECICLAGEM",RAP,Brasil,Fresa e Mistura,-,50 A O++,,,,"7,1","24,02","5,5",,,,,,5,,,,,2751,-,-,-,Revestimento Asfáltico,50% RAP + Óleo (+50%). Adicionado ao Agregado.
"ANÁLISE DO ENVELHECIMENTO, RIGIDEZ E SUSCETIBILIDADE À PRESENÇA DE ÁGUA EM MISTURAS RECICLADAS COM ADIÇÃO DE AGENTES DE RECICLAGEM",RAP,Brasil,Fresa e Mistura,-,100 S,,,,"6,28","24,17","5,5",,,,,,5,,,,,12961,-,-,-,Revestimento Asfáltico,100% RAP + ADCAP WM (TO). Adicionado ao RAP.
"ANÁLISE DO ENVELHECIMENTO, RIGIDEZ E SUSCETIBILIDADE À PRESENÇA DE ÁGUA EM MISTURAS RECICLADAS COM ADIÇÃO DE AGENTES DE RECICLAGEM",RAP,Brasil,Fresa e Mistura,-,100 S+,,,,"6,28","24,17","5,5",,,,,,5,,,,,11288,-,-,-,Revestimento Asfáltico,100% RAP + ADCAP WM (+25%). Adicionado ao RAP.
"ANÁLISE DO ENVELHECIMENTO, RIGIDEZ E SUSCETIBILIDADE À PRESENÇA DE ÁGUA EM MISTURAS RECICLADAS COM ADIÇÃO DE AGENTES DE RECICLAGEM",RAP,Brasil,Fresa e Mistura,-,100 S++,,,,"6,28","24,17","5,5",,,,,,5,,,,,10388,-,-,-,Revestimento Asfáltico,100% RAP + ADCAP WM (+50%). Adicionado ao RAP.
"ANÁLISE DO ENVELHECIMENTO, RIGIDEZ E SUSCETIBILIDADE À PRESENÇA DE ÁGUA EM MISTURAS RECICLADAS COM ADIÇÃO DE AGENTES DE RECICLAGEM",RAP,Brasil,Fresa e Mistura,-,75 L S,,,,"6,78","24,12","5,5",,,,,,5,,,,,10532,-,-,-,Revestimento Asfáltico,75% RAP + ADCAP WM (TO). Adicionado ao Ligante.
"ANÁLISE DO ENVELHECIMENTO, RIGIDEZ E SUSCETIBILIDADE À PRESENÇA DE ÁGUA EM MISTURAS RECICLADAS COM ADIÇÃO DE AGENTES DE RECICLAGEM",RAP,Brasil,Fresa e Mistura,-,75 L S+,,,,"6,78","24,12","5,5",,,,,,5,,,,,10215,-,-,-,Revestimento Asfáltico,75% RAP + ADCAP WM (+25%). Adicionado ao Ligante.
"ANÁLISE DO ENVELHECIMENTO, RIGIDEZ E SUSCETIBILIDADE À PRESENÇA DE ÁGUA EM MISTURAS RECICLADAS COM ADIÇÃO DE AGENTES DE RECICLAGEM",RAP,Brasil,Fresa e Mistura,-,75 L S++,,,,"6,78","24,12","5,5",,,,,,5,,,,,9665,-,-,-,Revestimento Asfáltico,75% RAP + ADCAP WM (+50%). Adicionado ao Ligante.
"ANÁLISE DO ENVELHECIMENTO, RIGIDEZ E SUSCETIBILIDADE À PRESENÇA DE ÁGUA EM MISTURAS RECICLADAS COM ADIÇÃO DE AGENTES DE RECICLAGEM",RAP,Brasil,Fresa e Mistura,-,75 R S,,,,"6,78","24,12","5,5",,,,,,5,,,,,10458,-,-,-,Revestimento Asfáltico,75% RAP + ADCAP WM (TO). Adicionado ao RAP.
"ANÁLISE DO ENVELHECIMENTO, RIGIDEZ E SUSCETIBILIDADE À PRESENÇA DE ÁGUA EM MISTURAS RECICLADAS COM ADIÇÃO DE AGENTES DE RECICLAGEM",RAP,Brasil,Fresa e Mistura,-,75 R S+,,,,"6,78","24,12","5,5",,,,,,5,,,,,10210,-,-,-,Revestimento Asfáltico,75% RAP + ADCAP WM (+25%). Adicionado ao RAP.
"ANÁLISE DO ENVELHECIMENTO, RIGIDEZ E SUSCETIBILIDADE À PRESENÇA DE ÁGUA EM MISTURAS RECICLADAS COM ADIÇÃO DE AGENTES DE RECICLAGEM",RAP,Brasil,Fresa e Mistura,-,75 R S++,,,,"6,78","24,12","5,5",,,,,,5,,,,,8288,-,-,-,Revestimento Asfáltico,75% RAP + ADCAP WM (+50%). Adicionado ao RAP.
"ANÁLISE DO ENVELHECIMENTO, RIGIDEZ E SUSCETIBILIDADE À PRESENÇA DE ÁGUA EM MISTURAS RECICLADAS COM ADIÇÃO DE AGENTES DE RECICLAGEM",RAP,Brasil,Fresa e Mistura,-,75 A S,,,,"6,78","24,12","5,5",,,,,,5,,,,,11878,-,-,-,Revestimento Asfáltico,75% RAP + ADCAP WM (TO). Adicionado ao Agregado.
"ANÁLISE DO ENVELHECIMENTO, RIGIDEZ E SUSCETIBILIDADE À PRESENÇA DE ÁGUA EM MISTURAS RECICLADAS COM ADIÇÃO DE AGENTES DE RECICLAGEM",RAP,Brasil,Fresa e Mistura,-,75 A S+,,,,"6,78","24,12","5,5",,,,,,5,,,,,11708,-,-,-,Revestimento Asfáltico,75% RAP + ADCAP WM (+25%). Adicionado ao Agregado.
"ANÁLISE DO ENVELHECIMENTO, RIGIDEZ E SUSCETIBILIDADE À PRESENÇA DE ÁGUA EM MISTURAS RECICLADAS COM ADIÇÃO DE AGENTES DE RECICLAGEM",RAP,Brasil,Fresa e Mistura,-,75 A S++,,,,"6,78","24,12","5,5",,,,,,5,,,,,11488,-,-,-,Revestimento Asfáltico,75% RAP + ADCAP WM (+50%). Adicionado ao Agregado.
"ANÁLISE DO ENVELHECIMENTO, RIGIDEZ E SUSCETIBILIDADE À PRESENÇA DE ÁGUA EM MISTURAS RECICLADAS COM ADIÇÃO DE AGENTES DE RECICLAGEM",RAP,Brasil,Fresa e Mistura,-,50 L S,,,,"7,1","24,02","5,5",,,,,,5,,,,,5642,-,-,-,Revestimento Asfáltico,50% RAP + ADCAP WM (TO). Adicionado ao Ligante.
"ANÁLISE DO ENVELHECIMENTO, RIGIDEZ E SUSCETIBILIDADE À PRESENÇA DE ÁGUA EM MISTURAS RECICLADAS COM ADIÇÃO DE AGENTES DE RECICLAGEM",RAP,Brasil,Fresa e Mistura,-,50 L S+,,,,"7,1","24,02","5,5",,,,,,5,,,,,5638,-,-,-,Revestimento Asfáltico,50% RAP + ADCAP WM (+25%). Adicionado ao Ligante.
"ANÁLISE DO ENVELHECIMENTO, RIGIDEZ E SUSCETIBILIDADE À PRESENÇA DE ÁGUA EM MISTURAS RECICLADAS COM ADIÇÃO DE AGENTES DE RECICLAGEM",RAP,Brasil,Fresa e Mistura,-,50 L S++,,,,"7,1","24,02","5,5",,,,,,5,,,,,5517,-,-,-,Revestimento Asfáltico,50% RAP + ADCAP WM (+50%). Adicionado ao Ligante.
"ANÁLISE DO ENVELHECIMENTO, RIGIDEZ E SUSCETIBILIDADE À PRESENÇA DE ÁGUA EM MISTURAS RECICLADAS COM ADIÇÃO DE AGENTES DE RECICLAGEM",RAP,Brasil,Fresa e Mistura,-,50 R S,,,,"7,1","24,02","5,5",,,,,,5,,,,,5603,-,-,-,Revestimento Asfáltico,50% RAP + ADCAP WM (TO). Adicionado ao RAP.
"ANÁLISE DO ENVELHECIMENTO, RIGIDEZ E SUSCETIBILIDADE À PRESENÇA DE ÁGUA EM MISTURAS RECICLADAS COM ADIÇÃO DE AGENTES DE RECICLAGEM",RAP,Brasil,Fresa e Mistura,-,50 R S+,,,,"7,1","24,02","5,5",,,,,,5,,,,,5368,-,-,-,Revestimento Asfáltico,50% RAP + ADCAP WM (+25%). Adicionado ao RAP.
"ANÁLISE DO ENVELHECIMENTO, RIGIDEZ E SUSCETIBILIDADE À PRESENÇA DE ÁGUA EM MISTURAS RECICLADAS COM ADIÇÃO DE AGENTES DE RECICLAGEM",RAP,Brasil,Fresa e Mistura,-,50 R S++,,,,"7,1","24,02","5,5",,,,,,5,,,,,5275,-,-,-,Revestimento Asfáltico,50% RAP + ADCAP WM (+50%). Adicionado ao RAP.
"ANÁLISE DO ENVELHECIMENTO, RIGIDEZ E SUSCETIBILIDADE À PRESENÇA DE ÁGUA EM MISTURAS RECICLADAS COM ADIÇÃO DE AGENTES DE RECICLAGEM",RAP,Brasil,Fresa e Mistura,-,50 A S,,,,"7,1","24,02","5,5",,,,,,5,,,,,5735,-,-,-,Revestimento Asfáltico,50% RAP + ADCAP WM (TO). Adicionado ao Agregado.
"ANÁLISE DO ENVELHECIMENTO, RIGIDEZ E SUSCETIBILIDADE À PRESENÇA DE ÁGUA EM MISTURAS RECICLADAS COM ADIÇÃO DE AGENTES DE RECICLAGEM",RAP,Brasil,Fresa e Mistura,-,50 A S+,,,,"7,1","24,02","5,5",,,,,,5,,,,,5610,-,-,-,Revestimento Asfáltico,50% RAP + ADCAP WM (+25%). Adicionado ao Agregado.
"ANÁLISE DO ENVELHECIMENTO, RIGIDEZ E SUSCETIBILIDADE À PRESENÇA DE ÁGUA EM MISTURAS RECICLADAS COM ADIÇÃO DE AGENTES DE RECICLAGEM",RAP,Brasil,Fresa e Mistura,-,50 A S++,,,,"7,1","24,02","5,5",,,,,,5,,,,,5251,-,-,-,Revestimento Asfáltico,50% RAP + ADCAP WM (+50%). Adicionado ao Agregado.